tree
version=v4
num_class=1
num_tree_per_iteration=1
label_index=0
max_feature_idx=44
objective=binary sigmoid:1
feature_names=ret_3 ret_5 ret_10 ret_20 ret_30 vol_lb atr14 maxdd_lb close_ma5 close_ma10 close_ma20 ma5_ma10 ma5_ma20 ma10_ma30 ma_converge vol_ratio_5_lb vol_ratio_5_10 vol_trend vol_spike price_pos_lb boll_pos macd rsi14 kdj_k kdj_d kdj_diff elg_net_5 elg_net_10 elg_net_20 lg_net_5 lg_net_10 lg_net_20 net_mf_5 net_mf_10 net_mf_20 net_mf_ratio5 elg_ratio5 toplist_cnt_20d toplist_net_20d pe_ttm pb ps_ttm total_mv circ_mv turnover_rate
feature_infos=[-0.70136986301369864:0.45392953929539304] [-0.78781325531102908:0.924697445091887] [-0.75923787528868358:1.1334503950834063] [-0.83284023668639051:3.3642930856553148] [-0.7981220657276995:5.7372881355932206] [0.0044168612470161309:0.5503540713224746] [0.0071257097130663317:0.44844124700239824] [-0.8338757396449703:-0.0072416063199472963] [-0.60990158067402322:0.29485116653258236] [-0.68902221996237345:0.49436851430017703] [-0.74494670006407637:0.77162894042494101] [-0.40489371517796935:0.20847338176298358] [-0.58326732451724062:0.47745104846549102] [-0.64960124506502293:0.74304822747625709] [0.00041345044544007891:0.82804328151264794] [0.069265248363713533:4.2707033216712436] [0.17908398598740757:1.826876410806211] [-0.93073475163628649:3.2707033216712431] [0.17367433552692946:13.349338725245872] [0:1] [-2.2045480714721122:1.9847768182090864] [-1.0380911623771953:0.20561950830160935] [0:100] [0.021894335987074416:99.246196829266395] [0.16302925184678976:96.613171648954904] [-25.449183232262762:25.288459207787355] [-382998.58000000013:351787.47000000003] [-503291.50999999995:364875.61000000004] [-1731289.28:501810.09000000003] [-347096.72000000003:331992.30000000005] [-354002.26000000001:303635.37000000011] [-452493.77999999997:369505.92999999993] [-344766.26000000001:348903.03000000003] [-555894.56000000006:516491.37000000011] [-758024.29999999993:981177.40000000002] [-0.099999856896052536:0.10000176278511755] [-0.051701450564765244:0.064149561007635067] [0:18] [-6896549659.4299994:1120473009.23] [0.69750000000000001:29143.0795] [0.1118:1028.0416] [0.019300000000000001:2699.7896000000001] [41868.686300000001:297568134.86400002] [24975.123599999999:297568134.86400002] [0.0138:64.039699999999996]
tree_sizes=872 1002 1004 1000 995 984 1010 1000 1004 1001 1005 1008 1003 1000 1009 997 1002 1003 1010 1003 1004 1000 1003 1006 1005 1005 1004 1003 1005 1008 1008 1007 1008 1007 1004 999 1009 1006 1008 1003 1009 1004 1009 1007 1009 1001 999 1007 1005 1002 1013 1007 1013 1006 1007 996 1010 1011 1006 1006 1013 1005 1014 1005 1012 1013 1012 1015 1003 1013 1007 1006 1018 1022 1018 1008 1012 1016 1014 989 1012 1007 1015 1012 1010 1010 1007 1011 1006 1012 1005 1011 1014 1011 1007 1009 1008 1010 1006 997 1000 1010 1006 1007 997 1006 1013 1007 1003 1011 1025 1012 1009 1012 1006 1014 1005 1013 1004 1013 1011 1007 1009 1011 1013 1016 1013 1015 1013 1011 1012 1013 1011 888 997 1009 1010 1013 1017 1010 1016 989 1006 1018 1008 987 1016 1004 1013 985 1013 1016 993 1017 997 1009 1019 1009 997 1012 1002 997 1016 908 903 1016 1014 894 1012 899 984 1019 1014 993 806 1014 1014 1013 1011 904 992 1016 1021 1029 1021 1022 992 1012 1012 995 1016 1014 1012 1015 1012 904 1018 1012 997 1017 997

Tree=0
num_leaves=7
num_cat=0
split_feature=8 8 8 11 7 7
split_gain=1694.01 357.94 193.468 154.198 72.5225 57.3267
threshold=-0.01887694995818506 -0.0033540172836228339 -0.083542435262481438 0.062711812485649179 -0.1118464853879038 -0.084013111146494623
decision_type=2 2 2 2 2 2
left_child=2 5 -1 -3 -4 -2
right_child=1 3 4 -5 -6 -7
leaf_value=-1.0560018480920599 -1.081392401298787 -1.0986385636818798 -1.0698448319442395 -1.0699969743999467 -1.0798901434792132 -1.0911868674457492
leaf_weight=150.47013503313065 380.82868498563766 774.47433911263943 543.54268246889114 30.947596371173859 164.45050141215324 137.78744162619114
leaf_count=318 1317 3382 1550 87 555 547
internal_value=-1.08316 -1.09218 -1.06927 -1.0975 -1.07214 -1.08396
internal_weight=2182.5 1324.04 858.463 805.422 707.993 518.616
internal_count=7756 5333 2423 3469 2105 1864
is_linear=0
shrinkage=1


Tree=1
num_leaves=8
num_cat=0
split_feature=8 8 4 8 42 42 8
split_gain=1605.89 344.752 189.424 181.023 102.477 79.058 29.5996
threshold=-0.01887694995818506 -0.0017577825676415857 0.35844045597865631 -0.056171837481495006 618097.12105000007 983233.71380000014 -0.083542435262481438
decision_type=2 2 2 2 2 2 2
left_child=3 4 -3 6 -2 -5 -1
right_child=1 2 -4 5 -6 -7 -8
leaf_value=0.042673631104692716 0.020192291487615959 0.00051191113902910126 0.025938268676248814 0.028655801099006947 0.0092429920033472984 0.017578956738440267 0.033228009716022543
leaf_weight=153.77773606777191 314.38516217470169 708.04245239496231 50.028892517089844 429.31928612291813 256.8334102332592 150.34453588724136 138.21441902220249
leaf_count=318 1050 3126 151 1228 1006 517 360
internal_value=0.0166569 0.0078573 0.00222461 0.0300486 0.0153035 0.0258238 0.0383231
internal_weight=2200.95 1329.29 758.071 871.656 571.219 579.664 291.992
internal_count=7756 5333 3277 2423 2056 1745 678
is_linear=0
shrinkage=0.0126972


Tree=2
num_leaves=8
num_cat=0
split_feature=9 0 0 4 31 43 10
split_gain=1356.89 320.824 157.749 141.145 91.0172 50.9838 11.2127
threshold=-0.032989624829533819 -0.0015841586643127179 -0.088537481203934218 0.44108262670084802 791.19499999999982 2273106.7886000006 -0.1368433843384981
decision_type=2 2 2 2 2 2 2
left_child=2 4 6 -3 -2 -4 -1
right_child=1 3 5 -5 -6 -7 -8
leaf_value=0.042452048477067954 0.016415096701219989 0.0016739894800015889 0.026792031894380688 0.028357398551469678 -0.0003634895955291067 0.0087078683915904204 0.034339377316911918
leaf_weight=116.85264907777309 629.58161208033562 695.87630893290043 557.65295180678368 32.929091975092888 55.506084486842155 28.930807560682297 101.43065996468067
leaf_count=230 2199 3021 1613 92 244 111 246
internal_value=0.0163131 0.00880416 0.0294731 0.00291833 0.0150419 0.0259283 0.0388447
internal_weight=2218.76 1413.89 804.867 728.805 685.088 586.584 218.283
internal_count=7756 5556 2200 3113 2443 1724 476
is_linear=0
shrinkage=0.0126972


Tree=3
num_leaves=8
num_cat=0
split_feature=8 8 8 11 43 7 8
split_gain=1460.47 322.303 157.706 141.751 58.6594 53.3183 24.9163
threshold=-0.01887694995818506 -0.0033540172836228339 -0.056171837481495006 0.062711812485649179 2678359.5294500007 -0.084013111146494623 -0.083542435262481438
decision_type=2 2 2 2 2 2 2
left_child=2 5 6 -3 -4 -2 -1
right_child=1 3 4 -5 -6 -7 -8
leaf_value=0.04006978733099853 0.017706664835989407 0.001415852526528548 0.025462179453668275 0.028472782310021288 0.0050055497272647759 0.0083564617277303108 0.03145356787772878
leaf_weight=159.76128320395947 390.2381581813097 777.90525148808956 568.17540428042412 31.935147061944008 25.213466361165047 140.34733532369137 142.45754608511925
leaf_count=318 1317 3382 1644 87 101 547 360
internal_value=0.0159812 0.00757668 0.0285337 0.00251787 0.0246166 0.0152661 0.03612
internal_weight=2236.03 1340.43 895.608 809.84 593.389 530.585 302.219
internal_count=7756 5333 2423 3469 1745 1864 678
is_linear=0
shrinkage=0.0126972


Tree=4
num_leaves=8
num_cat=0
split_feature=9 25 0 42 4 42 32
split_gain=1230.82 300.972 137.604 132.95 120.175 55.885 7.79003
threshold=-0.032989624829533819 5.3071888667123313 -0.088537481203934218 472111.55595000001 0.33287717601691996 1933341.3257500003 -17387.054999999997
decision_type=2 2 2 2 2 2 2
left_child=2 3 6 -2 -3 -4 -1
right_child=1 4 5 -5 -6 -7 -8
leaf_value=0.026352665373870932 0.017537874054428675 -0.0025522977316825577 0.026049065677098679 0.008202558019218445 0.026455260395574342 0.01282419829129354 0.03769954617263245
leaf_weight=24.541473433375359 431.61010909080505 379.10406857728958 537.82441607117653 591.68926380574703 23.823636114597321 62.702679499983788 201.3859626352787
leaf_count=64 1459 1725 1503 2305 67 221 412
internal_value=0.0156615 0.00850015 0.0279909 0.0121588 -0.000771183 0.0247008 0.0365929
internal_weight=2252.68 1426.23 826.455 1023.3 402.928 600.527 225.927
internal_count=7756 5556 2200 3764 1792 1724 476
is_linear=0
shrinkage=0.0126972


Tree=5
num_leaves=8
num_cat=0
split_feature=9 25 6 9 21 43 6
split_gain=1172.34 299.573 114.088 99.8572 94.8035 63.9055 23.8519
threshold=-0.034141757279843747 3.0028813545957775 0.021768070074427489 -0.075840916300723968 0.045399692549332037 2586588.9757500007 0.048340166143823242
decision_type=2 2 2 2 2 2 2
left_child=3 2 -2 6 -3 -5 -1
right_child=1 4 -4 5 -6 -7 -8
leaf_value=0.025435414698499463 0.001174850334243547 -0.00031507160720315927 0.014660455522940862 0.024540954944983394 0.022693760772769793 0 0.034936570996578702
leaf_weight=73.703450202941895 117.99493134021759 510.69266904890537 790.70700198411942 465.83414460718632 29.890220209956169 17.709317177534103 262.33828727900982
leaf_count=196 499 2257 2766 1310 89 75 564
internal_value=0.0153521 0.00847186 0.0129226 0.0274894 0.000964826 0.0236422 0.0329373
internal_weight=2268.87 1449.28 908.702 819.585 540.583 483.543 336.042
internal_count=7756 5611 3265 2145 2346 1385 760
is_linear=0
shrinkage=0.0126972


Tree=6
num_leaves=8
num_cat=0
split_feature=8 1 21 8 7 8 32
split_gain=1288.73 259.065 121.268 162.229 70.2965 61.1873 5.80017
threshold=-0.0081932870205985702 -0.063358917635632769 0.053677480392872734 0.0044370580126493761 -0.067607313195548482 -0.083542435262481438 -2518.1949999999993
decision_type=2 2 2 2 2 2 2
left_child=1 5 3 -2 -3 -1 -4
right_child=2 4 6 -5 -6 -7 -8
leaf_value=0.036801585490973988 0.0093435357493313036 0.019784797534491513 0.030257225843197028 -0.0013014290200840906 0.0068912410255801415 0.027038568668251484 0.017752284983821382
leaf_weight=164.92825077474117 395.19800755381584 661.11632265150547 21.765299901366234 550.02126914262772 79.838478744029999 388.42585997283459 23.257162466645241
leaf_count=314 1503 2040 54 2458 307 1006 74
internal_value=0.0150528 0.0233928 0.00413326 0.00314199 0.0184166 0.0300076 0.0243729
internal_weight=2284.55 1294.31 990.242 945.219 740.955 553.354 45.0225
internal_count=7756 3667 4089 3961 2347 1320 128
is_linear=0
shrinkage=0.0126972


Tree=7
num_leaves=8
num_cat=0
split_feature=8 8 4 8 42 42 10
split_gain=1234.01 242.79 162.967 152.353 84.9845 77.4235 20.1285
threshold=-0.016104421044801528 -0.0017577825676415857 0.35844045597865631 -0.056171837481495006 983233.71380000014 618097.12105000007 -0.1368433843384981
decision_type=2 2 2 2 2 2 2
left_child=3 5 -3 6 -5 -2 -1
right_child=1 2 -4 4 -6 -7 -8
leaf_value=0.036382220787097908 0.017748254476072558 0.00027355332619682536 0.023292682196529198 0.024383520126960347 0.014022110121930853 0.007656505979777491 0.028799707448138836
leaf_weight=152.44847455620766 278.35419447720051 714.51733648777008 52.698455348610878 523.51152776181698 180.5477688908577 230.18228225409985 167.37246997654438
leaf_count=284 897 3126 151 1427 601 876 394
internal_value=0.0147641 0.00641538 0.00188675 0.0251457 0.0217566 0.0132163 0.0325139
internal_weight=2299.63 1275.75 767.216 1023.88 704.059 508.536 319.821
internal_count=7756 5050 3277 2706 2028 1773 678
is_linear=0
shrinkage=0.0126972


Tree=8
num_leaves=8
num_cat=0
split_feature=1 1 25 4 42 42 10
split_gain=1032.53 194.242 185.414 115.086 100.058 51.2834 40.9791
threshold=-0.023092148948677556 -0.068512306280177834 5.3071888667123313 0.33287717601691996 433719.57000000007 2150454.1142000002 -0.1368433843384981
decision_type=2 2 2 2 2 2 2
left_child=1 6 4 -4 -2 -3 -1
right_child=2 5 3 -5 -6 -7 -8
leaf_value=0.034236869022234453 0.015687918170504654 0.019414997941050165 -0.0025821962457075317 0.025037529663266018 0.0062970516754897324 0.0066209002180532385 0.026127114782988195
leaf_weight=175.68857328593731 295.03493739664555 530.06299556791782 374.55763256549835 25.317791521549225 499.94330222904682 59.566295966506004 353.98589585721493
leaf_count=338 993 1587 1705 68 1956 224 885
internal_value=0.0144851 0.0232482 0.00625932 -0.000769386 0.00980519 0.0181486 0.0288758
internal_weight=2314.16 1119.3 1194.85 399.875 794.978 589.629 529.674
internal_count=7756 3034 4722 1773 2949 1811 1223
is_linear=0
shrinkage=0.0126972


Tree=9
num_leaves=8
num_cat=0
split_feature=8 0 8 42 6 2 7
split_gain=1153.91 194.956 148.24 105.119 86.0548 82.7429 17.5864
threshold=-0.0081932870205985702 -0.064629998340799674 0.010460687071796594 429289.9285000001 0.04083498994513219 0.16057899331405204 -0.15918645655060296
decision_type=2 2 2 2 2 2 2
left_child=1 6 4 -3 -2 -4 -1
right_child=2 3 5 -5 -6 -7 -8
leaf_value=0.031296038615337217 0.0051672147523049656 0.024106529319341187 -0.0039259149384003079 0.015373184095399972 0.016496724854595846 0.011819947444245339 0.0235647317009837
leaf_weight=305.77413754165173 398.62808783352375 384.96415537595749 368.76774723827839 571.36263200640678 150.68989998102188 62.136243760585785 85.54997456073761
leaf_count=633 1597 1027 1700 1825 505 221 222
internal_value=0.0144361 0.0220591 0.00393748 0.0189137 0.00830981 -0.00161712 0.0296747
internal_weight=2327.87 1347.65 980.222 956.327 549.318 430.904 391.324
internal_count=7730 3707 4023 2852 2102 1921 855
is_linear=0
shrinkage=0.0126972


Tree=10
num_leaves=8
num_cat=0
split_feature=8 9 8 2 5 5 1
split_gain=1106.58 193.273 143.784 80.4469 70.4737 69.6035 19.1766
threshold=-0.0081932870205985702 -0.06595215258793001 0.010460687071796594 0.16057899331405204 0.019003972877209049 0.021777496144421853 -0.068512306280177834
decision_type=2 2 2 2 2 2 2
left_child=1 6 5 -4 -3 -2 -1
right_child=2 4 3 -5 -6 -7 -8
leaf_value=0.029663761537042085 0.0037500191571368134 0.011952493838138383 -0.0038837316179731849 0.011608305777403512 0.020298787429959102 0.01285013635901143 0.018429406660480593
leaf_weight=387.41328512132168 285.18046367168427 225.52375507354736 368.0518269687891 62.475730076432228 710.87209151685238 266.28207148611546 35.964669361710548
leaf_count=818 1161 757 1700 221 2030 941 102
internal_value=0.0141681 0.0215844 0.00388068 -0.00159763 0.0183094 0.00817272 0.0287638
internal_weight=2341.76 1359.77 981.99 430.528 936.396 551.463 423.378
internal_count=7730 3707 4023 1921 2787 2102 920
is_linear=0
shrinkage=0.0126972


Tree=11
num_leaves=8
num_cat=0
split_feature=8 8 42 25 17 42 8
split_gain=1065.08 227.568 106.029 87.9609 68.2071 42.0602 27.4821
threshold=-0.0035922402861114917 -0.042528677110691741 560123.60245000012 8.6856370281321826 -0.40080958915721926 3439071.3362500002 0.0041364201705872414
decision_type=2 2 2 2 2 2 2
left_child=1 5 -3 4 -2 -1 -5
right_child=3 2 -4 6 -6 -7 -8
leaf_value=0.028233785587226772 0.016103790438530094 0.020696952191932377 0.012548817778886114 0.0077768814552809746 0.0031144048432232619 0.0075989054888109175 -0.0059173987414535868
leaf_weight=457.87073539197445 74.980329185724258 553.1935059428215 509.04675321280956 25.448424011468887 507.32487821578979 18.513345450162888 208.79843719303608
leaf_count=986 256 1551 1688 99 2097 61 992
internal_value=0.0139084 0.0201274 0.0168121 0.00217083 0.00482088 0.0274649 -0.00436866
internal_weight=2355.18 1538.62 1062.24 816.552 582.305 476.384 234.247
internal_count=7730 4286 3239 3444 2353 1047 1091
is_linear=0
shrinkage=0.0126972


Tree=12
num_leaves=8
num_cat=0
split_feature=8 9 25 42 15 42 4
split_gain=1023.6 234.593 85.6391 69.1797 67.1957 64.244 26.9225
threshold=-0.0035922402861114917 -0.036615474274798603 8.6856370281321826 571842.06260000018 0.58451030189181807 2194845.6172500006 0.35844045597865631
decision_type=2 2 2 2 2 2 2
left_child=1 5 4 -3 -2 -1 -4
right_child=2 3 6 -5 -6 -7 -8
leaf_value=0.025499568512274282 0.016439194482575168 0.018216117874182539 -0.0052698970063540622 0.010296912561613414 0.0031291274826448522 0.011567017328694364 0.015438549574464848
leaf_weight=749.04550471901894 69.534503936767578 388.78643035888672 223.98703701794147 350.81280925869942 514.10204035043716 62.150340437889099 9.7391460090875608
leaf_count=1734 233 1142 1061 1213 2120 197 30
internal_value=0.0136564 0.0197155 0.00214139 0.0144862 0.00474919 0.024455 -0.00432228
internal_weight=2368.16 1550.8 817.363 739.599 583.637 811.196 233.726
internal_count=7730 4286 3444 2355 2353 1931 1091
is_linear=0
shrinkage=0.0126972


Tree=13
num_leaves=8
num_cat=0
split_feature=8 7 8 0 42 6 2
split_gain=985.437 177.897 132.564 91.0026 87.9375 79.785 77.5788
threshold=-0.0081932870205985702 -0.10415262192789916 0.010460687071796594 -0.064629998340799674 352688.25215000001 0.04083498994513219 0.16057899331405204
decision_type=2 2 2 2 2 2 2
left_child=1 3 5 -1 -3 -2 -4
right_child=2 4 6 -5 -6 -7 -8
leaf_value=0.027663941150664787 0.004763191953395419 0.022046265810026625 -0.003837509073106427 0.019835114265637346 0.0067348905926651707 0.015570287784367504 0.011332899655948261
leaf_weight=391.22247289121151 403.64037688076496 87.656450346112251 367.23326247930527 708.70838725566864 205.37564247846603 153.913748472929 62.91516424715519
leaf_count=810 1597 231 1700 1935 731 505 221
internal_value=0.0134121 0.0202902 0.00369452 0.022644 0.0113893 0.00777971 -0.00158099
internal_weight=2380.67 1392.96 987.703 1099.93 293.032 557.554 430.148
internal_count=7730 3707 4023 2745 962 2102 1921
is_linear=0
shrinkage=0.0126972


Tree=14
num_leaves=8
num_cat=0
split_feature=8 9 8 5 4 0 7
split_gain=949.251 216.584 75.2099 81.2625 73.139 60.2491 55.343
threshold=-0.0035922402861114917 -0.036615474274798603 0.012651776619374002 0.015218187762213457 0.35844045597865631 -0.075467759075794491 -0.098575258612508307
decision_type=2 2 2 2 2 2 2
left_child=1 5 3 -2 -4 -1 -3
right_child=2 6 4 -5 -6 -7 -8
leaf_value=0.027977356317101413 -0.0045462241835684935 0.016634346916941309 -0.003820019689866617 0.0086628063470005137 0.014465899196363931 0.020618654319443118 0.0093363337719379012
leaf_weight=314.35994063317776 95.064155146479607 470.07559251785278 349.47952125966549 336.20644769072533 38.4079949259758 510.57615448534489 278.52800549566746
leaf_count=619 434 1397 1619 1269 122 1312 958
internal_value=0.0131752 0.0189444 0.00207436 0.00572518 -0.00196157 0.0234555 0.0139433
internal_weight=2392.7 1573.54 819.158 431.271 387.888 824.936 748.604
internal_count=7730 4286 3444 1703 1741 1931 2355
is_linear=0
shrinkage=0.0126972


Tree=15
num_leaves=8
num_cat=0
split_feature=1 1 9 42 3 42 42
split_gain=765.7 179.348 99.5128 90.4868 56.9741 54.9543 16.3358
threshold=-0.035168833592120356 0.014073165131031408 -0.068904670516616126 781618.01800000016 0.21938070397863099 476058.38600000006 507228.21620000008
decision_type=2 2 2 2 2 2 2
left_child=2 3 6 -2 -3 -4 -1
right_child=1 4 5 -5 -6 -7 -8
leaf_value=0.02912097855875604 0.013507201728074633 -0.00050371839126393261 0.022262735553170716 0.0049091796035878477 0.011761326101999295 0.014197699796263874 0.023211892556455976
leaf_weight=211.89321066439152 560.58554409444332 464.94235953688622 270.12784922122955 312.9143213480711 69.421019792556763 311.99794948101044 202.40760083496571
leaf_count=399 1823 2035 667 1191 237 928 450
internal_value=0.0129451 0.00690103 0.0214643 0.0104448 0.00108341 0.0179788 0.0263005
internal_weight=2404.29 1407.86 996.427 873.5 534.363 582.126 414.301
internal_count=7730 5286 2444 3014 2272 1595 849
is_linear=0
shrinkage=0.0126972


Tree=16
num_leaves=8
num_cat=0
split_feature=20 6 6 20 29 6 27
split_gain=464.785 215.619 123.695 112.757 53.5946 33.9563 33.2372
threshold=-0.69629618860572007 0.042468099632733784 0.025408079320123487 0.56408321861792832 712.92999999999995 0.048340166143823242 -1133.9899999999996
decision_type=2 2 2 2 2 2 2
left_child=2 3 6 -2 -3 -4 -1
right_child=1 4 5 -5 -6 -7 -8
leaf_value=-0.007818728763534042 0.0071464574926030297 0.015723929399008307 0.019980733507542262 -0.0038754398185487167 0.005013202293842607 0.026103245148639716 0.010607643589406275
leaf_weight=20.287795677781105 782.53878611326218 603.30094996094704 376.20031608641148 183.2451708316803 90.282556712627411 300.88585855066776 58.917161107063293
leaf_count=88 2882 1828 953 838 343 609 189
internal_value=0.0127207 0.00894393 0.0209786 0.00504348 0.0143505 0.0227394 0.00573509
internal_weight=2415.66 1659.37 756.291 965.784 693.584 677.086 79.205
internal_count=7730 5891 1839 3720 2171 1562 277
is_linear=0
shrinkage=0.0126972


Tree=17
num_leaves=8
num_cat=0
split_feature=1 25 7 9 33 4 1
split_gain=716.704 216.25 97.1648 92.103 48.0594 24.9065 15.3552
threshold=-0.035168833592120356 8.6856370281321826 -0.10052579424080652 -0.068904670516616126 -20173.384999999998 0.35844045597865631 -0.067346332664707395
decision_type=2 2 2 2 2 2 2
left_child=3 2 -2 6 -5 -3 -1
right_child=1 5 -4 4 -6 -7 -8
leaf_value=0.025967422731883721 0.011929811813315592 -0.005216656311110378 0.0044595488164829141 0.0050127119185154681 0.018446045467335526 0.014477516330613064 0.014246590640138191
leaf_weight=394.67399851977825 697.76494114100933 228.97712866961956 480.45947836339474 49.602991655468941 539.65173810720444 9.9617383480072004 25.845595389604568
leaf_count=778 2328 1081 1847 168 1427 30 71
internal_value=0.0125007 0.00666075 0.00889641 0.0206769 0.0173394 -0.00431526 0.0252948
internal_weight=2426.94 1417.16 1178.22 1009.77 589.255 238.939 420.52
internal_count=7730 5286 4175 2444 1595 1111 849
is_linear=0
shrinkage=0.0126972


Tree=18
num_leaves=8
num_cat=0
split_feature=1 0 0 11 42 7 10
split_gain=704.331 137.125 128.636 93.7705 74.5813 62.6349 19.4473
threshold=-0.019814071778663952 -0.064629998340799674 0.015725331157216197 0.036716495227220099 582263.70220000006 -0.087904854113290923 -0.13247569771365128
decision_type=2 2 2 2 2 2 2
left_child=1 6 4 -4 -2 -3 -1
right_child=2 5 3 -5 -6 -7 -8
leaf_value=0.028527971381833064 0.012182472140758236 0.017233441918927506 -0.0029198870889156942 0.01349995178534423 0.0040183509282443091 0.0075540930643133433 0.022116623370533686
leaf_weight=167.66808569431305 379.70929418504238 742.34212175011635 370.78291198611259 65.329702287912369 354.1933455914259 132.55196563899517 236.74403022229671
leaf_count=287 1266 2011 1680 215 1367 448 524
internal_value=0.0121555 0.0186679 0.00501962 -0.00042013 0.00826336 0.0157854 0.0248424
internal_weight=2449.32 1279.31 1170.02 436.113 733.903 874.894 404.412
internal_count=7798 3270 4528 1895 2633 2459 811
is_linear=0
shrinkage=0.0126972


Tree=19
num_leaves=8
num_cat=0
split_feature=8 8 25 17 42 3 8
split_gain=807.592 131.078 97.3988 66.269 61.1075 48.6761 28.5817
threshold=-0.0084807250996669619 -0.042528677110691741 9.3734271420590378 -0.026146497611053306 429289.9285000001 0.20828239842388932 -0.10087620495771664
decision_type=2 2 2 2 2 2 2
left_child=1 6 3 -2 -3 -4 -1
right_child=2 4 5 -5 -6 -7 -8
leaf_value=0.02865366985849652 0.0085446853808969162 0.01938147688549257 -0.0058322710313288362 0.0012126895279134832 0.01252799250428898 0.017755525428539018 0.021320257745444087
leaf_weight=139.17019473016262 465.53692665696144 360.76592475175858 201.13285306096077 353.07910095155239 558.99628499150276 14.345542967319487 366.44032540917397
leaf_count=230 1693 919 961 1443 1693 42 817
internal_value=0.0119518 0.0181486 0.0033943 0.00539824 0.0152393 -0.00416507 0.0233939
internal_weight=2459.47 1425.37 1034.09 818.616 919.762 215.478 505.611
internal_count=7798 3659 4139 3136 2612 1003 1047
is_linear=0
shrinkage=0.0126972


Tree=20
num_leaves=8
num_cat=0
split_feature=8 8 8 4 31 43 8
split_gain=779.149 126.495 94.544 104.536 51.4101 42.8445 27.6253
threshold=-0.0084807250996669619 -0.042528677110691741 0.00354997295723869 0.35844045597865631 469.50000000000006 2119300.1197000002 -0.10814762130551607
decision_type=2 2 2 2 2 2 2
left_child=1 6 5 -4 -3 -2 -1
right_child=2 4 3 -5 -6 -7 -8
leaf_value=0.028626547580241794 0.0094753465781954871 0.015868983181221603 -0.0013840378222173377 0.016630950599460785 0.0047577049538196463 -0.0040567981249787907 0.021097763505062973
leaf_weight=121.58995717763901 367.35809436440468 848.21417617797852 571.24441789090633 56.430269107222557 76.5707997828722 40.546091884374619 387.22084167599678
leaf_count=196 1275 2349 2524 165 263 175 851
internal_value=0.0117538 0.0178155 0.00334658 0.000235386 0.014964 0.00810101 0.0229519
internal_weight=2469.17 1433.6 1035.58 627.675 924.785 407.904 508.811
internal_count=7798 3659 4139 2689 2612 1450 1047
is_linear=0
shrinkage=0.0126972


Tree=21
num_leaves=8
num_cat=0
split_feature=1 25 0 7 7 2 9
split_gain=635.868 129.337 123.736 69.4022 59.2502 48.4646 14.2946
threshold=-0.019814071778663952 9.3734271420590378 -0.064629998340799674 -0.081928794621721451 -0.087904854113290923 0.1403141163817149 -0.11720660830823741
decision_type=2 2 2 2 2 2 2
left_child=2 3 6 -2 -4 -3 -1
right_child=1 5 4 -5 -6 -7 -8
leaf_value=0.026967414992736159 0.0089715895842019736 -0.0061380557293735545 0.016355299038251461 0.0014369403454604593 0.0070095076412325123 0.013714953399811079 0.021277152783808644
leaf_weight=155.62951298058033 680.58588705956936 193.26622702181339 754.54943197965622 282.5371083766222 134.3503642231226 21.187414348125458 256.39788509905338
leaf_count=260 2393 931 2011 1135 448 69 551
internal_value=0.011561 0.0047854 0.0176807 0.0067743 0.0149605 -0.00409308 0.0234911
internal_weight=2478.5 1177.58 1300.93 963.123 888.9 214.454 412.027
internal_count=7798 4528 3270 3528 2459 1000 811
is_linear=0
shrinkage=0.0126972


Tree=22
num_leaves=8
num_cat=0
split_feature=8 8 8 3 6 31 8
split_gain=731.981 117.623 90.503 122.75 60.7076 49.1137 26.0265
threshold=-0.0084807250996669619 -0.042528677110691741 0.018083878414774882 0.20828239842388932 0.015201127554260696 469.50000000000006 -0.10087620495771664
decision_type=2 2 2 2 2 2 2
left_child=1 6 4 -4 -2 -3 -1
right_child=2 5 3 -5 -6 -7 -8
leaf_value=0.027110664440813784 -0.012429141697641727 0.015345892574055608 -0.0067264026100530708 0.0122333100926866 0.0064392755383040423 0.0045197274991978509 0.020167192130167908
leaf_weight=141.71557715535164 27.665094494819641 856.74497181177139 243.89072488248348 70.166011065244675 697.53535602986813 77.036285147070885 372.87921646237373
leaf_count=230 137 2349 1169 229 2604 263 817
internal_value=0.0113725 0.0172064 0.00322636 -0.0024413 0.00569476 0.0144675 0.0221317
internal_weight=2487.63 1448.38 1039.26 314.057 725.2 933.781 514.595
internal_count=7798 3659 4139 1398 2741 2612 1047
is_linear=0
shrinkage=0.0126972


Tree=23
num_leaves=8
num_cat=0
split_feature=8 7 25 8 11 18 42
split_gain=707.174 113.949 89.0119 70.3066 69.4145 62.8727 44.6002
threshold=-0.0084807250996669619 -0.087904854113290923 9.3734271420590378 -0.083542435262481438 0.043926341023864286 1.2396224690417812 298050.62400000007
decision_type=2 2 2 2 2 2 2
left_child=1 3 5 -1 -4 -2 -3
right_child=2 6 4 -5 -6 -7 -8
leaf_value=0.025636604250871567 0.0089907111776856598 0.019186675537320324 -0.0060933185569612943 0.017000264903250625 0.021849080820133676 0.0019072435178774478 0.004366804561436061
leaf_weight=187.21716403961182 367.80113950371742 42.490815758705139 199.74587754905224 1074.3923087865114 14.663468554615973 458.41024850308895 151.59704852104187
leaf_count=315 1300 107 964 2711 39 1836 526
internal_value=0.011189 0.0169026 0.00318094 0.0183028 -0.00407337 0.00507753 0.0077179
internal_weight=2496.32 1455.7 1040.62 1261.61 214.409 826.211 194.088
internal_count=7798 3659 4139 3026 1003 3136 633
is_linear=0
shrinkage=0.0126972


Tree=24
num_leaves=8
num_cat=0
split_feature=8 8 8 21 6 15 8
split_gain=683.447 111.747 87.2526 98.7104 47.0872 43.8213 24.4526
threshold=-0.0084807250996669619 -0.042528677110691741 0.00354997295723869 0.047030657839170285 0.015201127554260696 0.8461887591644055 -0.10814762130551607
decision_type=2 2 2 2 2 2 2
left_child=1 6 4 -4 -2 -3 -1
right_child=2 5 3 -5 -6 -7 -8
leaf_value=0.026675685899695174 -0.013621397230175929 0.01645876764885763 -0.0015065011746058035 0.015295338293656542 0.0085307584008278842 0.010798956978096224 0.019655689135147023
leaf_weight=124.239112585783 15.172059237956999 521.93804353475571 567.53855219483376 61.900656029582024 397.34434106945992 421.14228357374668 395.40493792295456
leaf_count=196 75 1362 2506 183 1375 1250 851
internal_value=0.0110103 0.016608 0.00313675 0.000144196 0.00767081 0.0139515 0.0213856
internal_weight=2504.68 1462.72 1041.96 629.439 412.516 943.08 519.644
internal_count=7798 3659 4139 2689 1450 2612 1047
is_linear=0
shrinkage=0.0126972


Tree=25
num_leaves=8
num_cat=0
split_feature=8 8 8 2 42 42 8
split_gain=660.81 108.669 85.8375 95.105 67.6509 67.6124 30.861
threshold=-0.0084807250996669619 -0.035077917594436507 0.018083878414774882 0.16951839060867238 394013.81435000006 611973.39000000013 -0.10087620495771664
decision_type=2 2 2 2 2 2 2
left_child=1 6 5 -4 -3 -2 -1
right_child=2 4 3 -5 -6 -7 -8
leaf_value=0.025742686256704471 0.0091563300081837929 0.018188965088342342 -0.0060195920821829859 0.011176801484010984 0.010450826032480116 0.0013758561692539559 0.01864016447607807
leaf_weight=143.75423489511013 383.46746444702148 290.92506112158298 249.21162490546703 64.512797087430954 532.91742983460426 346.03306142985821 501.86622540652752
leaf_count=230 1349 715 1188 210 1595 1392 1119
internal_value=0.0108359 0.0163221 0.00309298 -0.00243496 0.0132082 0.00548423 0.0202622
internal_weight=2512.69 1469.46 1043.22 313.724 823.842 729.501 645.62
internal_count=7798 3659 4139 1398 2310 2741 1349
is_linear=0
shrinkage=0.0126972


Tree=26
num_leaves=8
num_cat=0
split_feature=8 8 8 3 42 42 43
split_gain=639.194 105.459 83.4488 114.872 65.4446 54.9264 23.4756
threshold=-0.0084807250996669619 -0.042528677110691741 0.018083878414774882 0.20828239842388932 611973.39000000013 429289.9285000001 2897380.8881500005
decision_type=2 2 2 2 2 2 2
left_child=1 6 4 -4 -2 -3 -1
right_child=2 5 3 -5 -6 -7 -8
leaf_value=0.021206404268568766 0.0090046563949892529 0.017326916330962627 -0.0065993108882020056 0.011664917293111601 0.0013575808440435377 0.010948327083670387 0.0060432871317309097
leaf_weight=504.67212547361851 384.97705820202827 373.86261330544949 242.1900037676096 71.075162157416344 346.24604484438896 577.71678122878075 19.634277790784836
leaf_count=991 1349 919 1169 229 1392 1693 56
internal_value=0.010666 0.016045 0.00305014 -0.00240717 0.00540203 0.0134754 0.0206663
internal_weight=2520.37 1475.89 1044.49 313.265 731.223 951.579 524.306
internal_count=7798 3659 4139 1398 2741 2612 1047
is_linear=0
shrinkage=0.0126972


Tree=27
num_leaves=8
num_cat=0
split_feature=1 1 4 5 7 6 26
split_gain=480.587 154.396 96.8215 66.2487 50.0693 33.2693 20.9507
threshold=-0.040620763576084178 0.011457149375807997 0.44108262670084802 0.014551387868722917 -0.086745016070829975 0.04216420511852273 -279.86999999999995
decision_type=2 2 2 2 2 2 2
left_child=4 3 -3 -2 5 -1 -6
right_child=1 2 -4 -5 6 -7 -8
leaf_value=0.014360632916381148 0.0016210288658827501 -0.0004608663074162449 0.020837408882328819 0.010639054500491523 -0.0025114640746288319 0.019899476062348816 0.012754131319305055
leaf_weight=280.53564065694809 160.47172057628632 547.04269516468048 36.00815549492836 805.57792662084103 26.138081610202789 625.47318103909492 29.099761575460434
leaf_count=701 609 2347 89 2525 96 1309 79
internal_value=0.0104307 0.00604015 0.000859427 0.00915369 0.0174866 0.0182074 0.00540554
internal_weight=2510.35 1549.1 583.051 966.05 961.247 906.009 55.2378
internal_count=7755 5570 2436 3134 2185 2010 175
is_linear=0
shrinkage=0.0126972


Tree=28
num_leaves=8
num_cat=0
split_feature=8 8 11 42 0 5 42
split_gain=547.609 176.103 128.605 83.7462 72.7154 39.816 4.7292
threshold=-0.018594403940935419 0.010460687071796594 0.043926341023864286 630259.2631000001 -0.088537481203934218 0.018066552773678739 852453.24195000005
decision_type=2 2 2 2 2 2 2
left_child=4 3 -3 -2 6 -6 -1
right_child=1 2 -4 -5 5 -7 -8
leaf_value=0.023997296993149054 0.011391123011089554 -0.0042374928226675945 0.015839205060559233 0.003926753882316638 0.0072142020747115749 0.016138394227012225 0.018667673547811445
leaf_weight=211.11576676368713 551.54433223605156 383.29336984455585 58.630877256393433 443.09453798830509 97.822741642594337 698.39905467629433 73.741768017411232
leaf_count=356 1711 1776 173 1620 293 1681 145
internal_value=0.0102685 0.00511761 -0.00153112 0.00808092 0.0170964 0.0150617 0.0226999
internal_weight=2517.64 1436.56 441.924 994.639 1081.08 796.222 284.858
internal_count=7755 5280 1949 3331 2475 1974 501
is_linear=0
shrinkage=0.0126972


Tree=29
num_leaves=8
num_cat=0
split_feature=8 8 4 8 6 5 19
split_gain=530.389 170.877 128.229 61.2874 57.8651 35.6509 13.3828
threshold=-0.018594403940935419 0.010460687071796594 0.265712961309503 -0.058064262425530193 0.015201127554260696 0.018066552773678739 0.0073439522508272044
decision_type=2 2 2 2 2 2 2
left_child=3 4 -3 6 -2 -5 -1
right_child=1 2 -4 5 -6 -7 -8
leaf_value=0.026379565612943481 -0.0099154045620234079 -0.0045476625161931742 0.013932807704259328 0.0072462490786140846 0.0084747070902949084 0.015771411396382804 0.019620801978202894
leaf_weight=82.167567417025566 27.351230219006538 369.92503090202808 71.558436796069145 97.553721144795418 970.32588140666485 638.51702831685543 266.98466704785824
leaf_count=122 128 1731 218 291 3203 1547 515
internal_value=0.0101114 0.0050436 -0.00151281 0.0168154 0.0079541 0.0146629 0.0212876
internal_weight=2524.38 1439.16 441.483 1085.22 997.677 736.071 349.152
internal_count=7755 5280 1949 2475 3331 1838 637
is_linear=0
shrinkage=0.0126972


Tree=30
num_leaves=8
num_cat=0
split_feature=9 25 20 21 6 42 42
split_gain=440.296 122.539 76.8481 64.5503 44.5073 41.7449 25.2761
threshold=-0.034141757279843747 8.6856370281321826 0.56408321861792832 0.029102931420357761 0.042468099632733784 892435.62465000013 4419479.6118500009
decision_type=2 2 2 2 2 2 2
left_child=4 2 -2 -3 5 -1 -6
right_child=1 3 -4 -5 6 -7 -8
leaf_value=0.015463211629179649 0.0087958086886654862 -0.0043822095716576897 0.00079253381380314325 0.017801393767825757 0.019291352894615171 0.0046540224251841178 0.0038595679511056447
leaf_weight=241.91860118508339 1095.0779252201319 226.62970067560673 238.50838035345078 22.542507946491241 606.11469905078411 80.383951410651207 19.697715297341347
leaf_count=569 3527 1071 973 63 1248 246 58
internal_value=0.00995753 0.00584477 0.00737315 -0.00229253 0.0168037 0.0128139 0.0188264
internal_weight=2530.87 1582.76 1333.59 249.172 948.115 322.303 625.812
internal_count=7755 5634 4500 1134 2121 815 1306
is_linear=0
shrinkage=0.0126972


Tree=31
num_leaves=8
num_cat=0
split_feature=1 0 11 0 6 18 42
split_gain=427.703 155.489 77.1205 69.6578 63.6493 31.0665 5.95915
threshold=-0.040620763576084178 0.016169394246870476 0.043926341023864286 -0.088537481203934218 0.015201127554260696 1.0117780036401001 544079.91050000011
decision_type=2 2 2 2 2 2 2
left_child=3 4 -3 6 -2 -5 -1
right_child=1 2 -4 5 -6 -7 -8
leaf_value=0.02386322236594066 -0.010225657399580855 -0.0027207776785689512 0.013730526513286174 0.017859288837294769 0.0086595305301543392 0.012043622552886392 0.018873730912130741
leaf_weight=161.82888682186604 28.520822018384933 384.74946478009224 51.418448269367218 250.98757496476173 1097.8411257117987 442.65517704188824 119.40165457129478
leaf_count=261 134 1731 153 561 3552 1137 226
internal_value=0.00980605 0.00567459 -0.00074018 0.0164092 0.00816657 0.0141777 0.0218305
internal_weight=2537.4 1562.53 436.168 974.873 1126.36 693.643 281.231
internal_count=7755 5570 1884 2185 3686 1698 487
is_linear=0
shrinkage=0.0126972


Tree=32
num_leaves=8
num_cat=0
split_feature=8 8 11 0 6 5 27
split_gain=489.711 158.741 119.793 66.5635 54.4323 36.2552 8.29776
threshold=-0.018594403940935419 0.010460687071796594 0.043926341023864286 -0.088537481203934218 0.015201127554260696 0.018066552773678739 -12563.519999999999
decision_type=2 2 2 2 2 2 2
left_child=3 4 -3 6 -2 -5 -1
right_child=1 2 -4 5 -6 -7 -8
leaf_value=0.013400661124810601 -0.0098038114882835654 -0.0041675513912293226 0.015087647628126031 0.0066793310688431232 0.0080818333574935938 0.015151111153027724 0.022219426168016577
leaf_weight=29.06654018163681 27.173866972327232 381.92562580108643 59.525397926568985 98.859004735946655 979.27281638979912 708.75499005615711 259.03088669478893
leaf_count=62 128 1776 173 293 3203 1681 439
internal_value=0.00965813 0.00479807 -0.0015294 0.0160642 0.00758269 0.014133 0.0213978
internal_weight=2543.61 1447.9 441.451 1095.71 1006.45 807.614 288.097
internal_count=7755 5280 1949 2475 3331 1974 501
is_linear=0
shrinkage=0.0126972


Tree=33
num_leaves=8
num_cat=0
split_feature=8 8 3 0 5 5 19
split_gain=475.03 154.08 100.552 64.994 53.194 35.0367 6.24805
threshold=-0.018594403940935419 0.010460687071796594 0.21938070397863099 -0.088537481203934218 0.014551387868722917 0.018066552773678739 0.0056758579726777668
decision_type=2 2 2 2 2 2 2
left_child=3 4 -3 6 -2 -5 -1
right_child=1 2 -4 5 -6 -7 -8
leaf_value=0.025301809551194775 0.00095912585707554358 -0.0042030857694344455 0.012163006109616787 0.0065826653766668207 0.0087863446819123718 0.014905861223837285 0.019610323198341204
leaf_weight=69.837191790342331 171.8282798230648 369.46440546214581 71.530249312520027 99.045662984251976 837.42714588344097 711.26374569535255 218.95106029510498
leaf_count=101 657 1729 220 293 2674 1681 400
internal_value=0.00951419 0.00472929 -0.00151116 0.0158119 0.00746529 0.0139072 0.0210768
internal_weight=2549.35 1450.25 440.995 1099.1 1009.26 810.309 288.788
internal_count=7755 5280 1949 2475 3331 1974 501
is_linear=0
shrinkage=0.0126972


Tree=34
num_leaves=8
num_cat=0
split_feature=9 1 3 42 6 42 42
split_gain=394.335 128.326 80.3124 62.6131 41.4289 39.769 24.3359
threshold=-0.034141757279843747 0.011457149375807997 0.21938070397863099 647909.69925000018 0.042468099632733784 892435.62465000013 4419479.6118500009
decision_type=2 2 2 2 2 2 2
left_child=4 3 -3 -2 5 -1 -6
right_child=1 2 -4 -5 6 -7 -8
leaf_value=0.014553012633079449 0.010909824937180769 -0.0012209395415755124 0.012394195934877084 0.0044829852541706065 0.01820333890487548 0.0040722518441832136 0.0031822411407993363
leaf_weight=244.90664872527122 587.07360127568245 495.09718236327171 80.536602050065994 432.85563977062702 613.15655927360058 81.279298141598701 19.911596357822418
leaf_count=569 1739 2156 243 1496 1248 246 58
internal_value=0.00937361 0.00549226 0.000678504 0.00819693 0.0158107 0.0119861 0.0177507
internal_weight=2554.82 1595.56 575.634 1019.93 959.254 326.186 633.068
internal_count=7755 5634 2399 3235 2121 815 1306
is_linear=0
shrinkage=0.0126972


Tree=35
num_leaves=8
num_cat=0
split_feature=8 8 4 42 0 5 27
split_gain=450.725 146.992 116.599 77.3913 62.9324 33.4168 8.05948
threshold=-0.018594403940935419 0.010460687071796594 0.265712961309503 630259.2631000001 -0.088537481203934218 0.018066552773678739 -12563.519999999999
decision_type=2 2 2 2 2 2 2
left_child=4 3 -3 -2 6 -6 -1
right_child=1 2 -4 -5 5 -7 -8
leaf_value=0.012703208052846962 0.010383951459744429 -0.0044503826274527912 0.013047795469648118 0.0032801533086580905 0.0063440708547513359 0.014455587678080148 0.021326333522849083
leaf_weight=29.221829190850258 563.49959525465965 368.05552306771278 72.852817684412003 450.99377946555614 99.489249348640442 715.65082502365112 260.60776427388191
leaf_count=62 1711 1731 218 1620 293 1681 439
internal_value=0.00923481 0.00457962 -0.0015208 0.00724017 0.0153507 0.013484 0.020523
internal_weight=2560.37 1455.4 440.908 1014.49 1104.97 815.14 289.83
internal_count=7755 5280 1949 3331 2475 1974 501
is_linear=0
shrinkage=0.0126972


Tree=36
num_leaves=8
num_cat=0
split_feature=1 1 21 5 7 32 10
split_gain=383.259 102.657 105.058 80.8796 56.5083 34.0399 31.7793
threshold=-0.033889043252755317 0.014685694353019365 0.035238225935352772 0.018811461788553332 -0.06875376960192997 -7954.994999999999 -0.1368433843384981
decision_type=2 2 2 2 2 2 2
left_child=3 4 -3 5 -2 -1 -5
right_child=1 2 -4 6 -6 -7 -8
leaf_value=-0.012953657155926382 0.0088935825223357759 -0.0022394779009218598 0.012609061380611386 0.020530146128190388 0.00068736717374565971 0.0072973767913869138 0.014721503381556004
leaf_weight=14.486193507909773 748.68009772896767 436.06108336150646 92.50203537940979 212.24023428559303 168.55654515326023 100.98235042393208 763.60893025994301
leaf_count=60 2342 1937 282 364 634 289 1756
internal_value=0.00913223 0.00483078 0.000352585 0.0148152 0.0073982 0.00460969 0.0160084
internal_weight=2537.12 1445.8 528.563 1091.32 917.237 115.469 975.849
internal_count=7664 5195 2219 2469 2976 349 2120
is_linear=0
shrinkage=0.0126972


Tree=37
num_leaves=8
num_cat=0
split_feature=8 7 21 42 8 8 11
split_gain=472.935 109.085 81.1118 73.7166 71.5421 57.2319 8.34257
threshold=-0.0033540172836228339 -0.1118464853879038 0.047030657839170285 374459.08945000003 0.010460687071796594 -0.021385663493914128 0.057613701667746937
decision_type=2 2 2 2 2 2 2
left_child=1 5 4 -3 -2 -1 -4
right_child=2 3 6 -5 -6 -7 -8
leaf_value=0.016674396024054083 0.0038128207026954294 0.014757569036606579 0.0097645285328709433 0.0039795538961755264 -0.003865810616212201 0.010583342636383979 0.020690513464586675
leaf_weight=858.64674651622772 404.350656285882 154.59018208086491 30.441794663667679 313.92076116800308 377.5726912766695 373.6885948330164 28.893658682703972
leaf_count=1785 1498 390 96 1021 1764 1044 66
internal_value=0.00899873 0.0128497 0.00119676 0.0075734 9.19032e-05 0.0148423 0.0154248
internal_weight=2542.11 1700.85 841.259 468.511 781.923 1232.34 59.3355
internal_count=7664 4240 3424 1411 3262 2829 162
is_linear=0
shrinkage=0.0126972


Tree=38
num_leaves=8
num_cat=0
split_feature=1 25 5 7 21 3 43
split_gain=362.001 135.591 77.6094 58.3367 47.4759 38.375 23.8415
threshold=-0.033889043252755317 5.3071888667123313 0.018811461788553332 -0.075549864845639456 0.047030657839170285 0.0019541579555326653 1385980.9663000002
decision_type=2 2 2 2 2 2 2
left_child=2 3 6 -2 -3 -4 -1
right_child=1 4 5 -5 -6 -7 -8
leaf_value=0.006459955449696137 0.0088081164533089524 -0.0024016184095691719 0.016796329344434934 0.0017455162517326503 0.020292067017251531 0.010197315551609245 -0.011603913201884995
leaf_weight=103.59299285709858 792.07074736058712 390.45725533366203 791.60076868534088 252.89392179250717 14.720205068588255 188.94675013422966 12.314892411231993
leaf_count=298 2475 1748 1640 939 33 480 51
internal_value=0.00886914 0.00469267 0.0143774 0.00711078 -0.00152018 0.0155429 0.00439836
internal_weight=2546.6 1450.14 1096.46 1044.96 405.177 980.548 115.908
internal_count=7664 5195 2469 3414 1781 2120 349
is_linear=0
shrinkage=0.0126972


Tree=39
num_leaves=8
num_cat=0
split_feature=8 7 21 8 32 8 23
split_gain=449.214 103.353 77.4927 68.9149 44.3718 41.9297 10.1774
threshold=-0.0033540172836228339 -0.1413123028254557 0.047030657839170285 0.010460687071796594 -8121.8149999999987 -0.019583868058247241 80.429065818918673
decision_type=2 2 2 2 2 2 2
left_child=1 5 3 -2 -3 -1 -4
right_child=2 4 6 -5 -6 -7 -8
leaf_value=0.016683040527785596 0.0036971496446225735 0.0011680805030756533 0.0092133844766388306 -0.0038364129031570856 0.010118514489754024 0.0102980307575306 0.020928140679021684
leaf_weight=748.06712184846401 405.66825601458549 107.5228570997715 32.075401082634926 377.00753259658813 621.78853087127209 231.3566596955061 27.746845081448555
leaf_count=1520 1498 349 99 1764 1728 643 63
internal_value=0.00874078 0.0124814 0.00113836 5.519e-05 0.0088151 0.0151932 0.0149854
internal_weight=2551.23 1708.74 842.498 782.676 729.311 979.424 59.8222
internal_count=7664 4240 3424 3262 2077 2163 162
is_linear=0
shrinkage=0.0126972


Tree=40
num_leaves=8
num_cat=0
split_feature=8 5 21 8 8 33 23
split_gain=436.011 102.158 75.2207 67.1929 64.9331 48.2345 9.76403
threshold=-0.0033540172836228339 0.018811461788553332 0.047030657839170285 0.010460687071796594 -0.053828270868267407 -5032.4749999999995 80.429065818918673
decision_type=2 2 2 2 2 2 2
left_child=1 5 3 -2 -3 -1 -4
right_child=2 4 6 -5 -6 -7 -8
leaf_value=-0.0017019852640363744 0.0036447091115577282 0.018269153794120991 0.0090699692350594951 -0.0037951247230203567 0.012037396650740348 0.0089731908692263565 0.020540304882415063
leaf_weight=95.703987702727318 406.28571256995201 387.22399286925793 32.178752407431602 376.28198601305485 1006.1911896318197 223.62656559050083 27.923243418335915
leaf_count=340 1498 699 99 1764 2551 650 63
internal_value=0.00861601 0.0122943 0.00112405 5.42899e-05 0.0137844 0.00574527 0.0147328
internal_weight=2555.42 1712.75 842.67 782.568 1393.42 319.331 60.102
internal_count=7664 4240 3424 3262 3250 990 162
is_linear=0
shrinkage=0.0126972


Tree=41
num_leaves=8
num_cat=0
split_feature=8 8 21 42 42 6 41
split_gain=423.308 98.6238 73.2169 64.8935 48.5814 19.4953 6.45085
threshold=-0.0033540172836228339 -0.053828270868267407 0.053677480392872734 1358590.7440500001 433719.57000000007 0.046149342210587967 11.085750000000003
decision_type=2 2 2 2 2 2 2
left_child=1 5 3 -2 -3 -1 -4
right_child=2 4 6 -5 -6 -7 -8
leaf_value=0.010698160002788521 0.0020782384502133267 0.013400567890931239 0.019921798725250239 -0.0067892730464580156 0.0083690889621334981 0.019064374875550932 0.0074624308621420669
leaf_weight=62.60072985291481 628.97994057834148 540.48336850106716 32.227117940783501 167.94838930666447 785.93482844531536 327.46851558983326 13.672946721315382
leaf_count=138 2535 1310 74 774 2221 571 41
internal_value=0.00849388 0.0121118 0.00110995 0.000192636 0.0104326 0.0177682 0.016588
internal_weight=2559.32 1716.49 842.828 796.928 1326.42 390.069 45.9001
internal_count=7664 4240 3424 3309 3531 709 115
is_linear=0
shrinkage=0.0126972


Tree=42
num_leaves=8
num_cat=0
split_feature=8 7 21 8 29 8 11
split_gain=411.103 99.2413 71.2114 65.4936 56.6069 52.5924 7.63662
threshold=-0.0033540172836228339 -0.1118464853879038 0.047030657839170285 0.010460687071796594 1276.8300000000002 -0.021385663493914128 0.057613701667746937
decision_type=2 2 2 2 2 2 2
left_child=1 5 3 -2 -3 -1 -4
right_child=2 4 6 -5 -6 -7 -8
leaf_value=0.01557507944397224 0.0035897529548234506 0.0077882786853079693 0.0089205252291279288 -0.0037561708450415269 -0.015508727627426146 0.009774673224871808 0.019248264399096771
leaf_weight=866.69350942969322 406.91714350879192 457.74550281465054 31.02764855325222 375.59277990460396 16.572386756539345 379.09737120568752 29.565046325325966
leaf_count=1785 1498 1338 96 1764 73 1044 66
internal_value=0.00837366 0.0119332 0.00109581 5.06862e-05 0.00693232 0.0138243 0.0142799
internal_weight=2563.21 1720.11 843.103 782.51 474.318 1245.79 60.5927
internal_count=7664 4240 3424 3262 1411 2829 162
is_linear=0
shrinkage=0.0126972


Tree=43
num_leaves=8
num_cat=0
split_feature=0 5 25 20 4 42 5
split_gain=312.227 104.962 76.1422 64.3029 58.6799 54.7132 50.4543
threshold=-0.0017892948828164832 0.020045619006199233 3.0028813545957775 -0.72230944787264673 0.265712961309503 394013.81435000006 0.017492558696702538
decision_type=2 2 2 2 2 2 2
left_child=1 5 6 -3 -4 -1 -2
right_child=2 3 4 -5 -6 -7 -8
leaf_value=0.011828453754287165 -0.0029646516375305249 0.016266349555742524 -0.0032020811604057324 0.010526023569975212 0.012747870017550922 0.002118063531999434 0.0082376504856850018
leaf_weight=148.21379141509533 79.773728638887405 585.13867719471455 403.17997516691685 734.99385794997215 40.133562162518501 261.7458299100399 313.58039808273315
leaf_count=390 327 1156 1835 1954 116 876 1010
internal_value=0.00825609 0.0113359 0.00187144 0.013085 -0.00171831 0.00566688 0.00593889
internal_weight=2566.76 1730.09 836.668 1320.13 443.314 409.96 393.354
internal_count=7664 4376 3288 3110 1951 1266 1337
is_linear=0
shrinkage=0.0126972


Tree=44
num_leaves=8
num_cat=0
split_feature=8 7 6 32 8 6 15
split_gain=390.1 94.8515 63.7385 63.2985 53.5258 51.7136 48.8376
threshold=-0.0033540172836228339 -0.1118464853879038 0.041200974115873791 -7623.8199999999988 0.0097813403294808605 0.046149342210587967 0.9910392898191982
decision_type=2 2 2 2 2 2 2
left_child=1 5 6 -3 -4 -1 -2
right_child=2 3 4 -5 -6 -7 -8
leaf_value=0.010591452465331871 0.0014176460667837572 -0.0047978962430186619 0.013035710970029547 0.0085644030665667486 0.0017646928830774298 0.015886955144099418 -0.0064198825460122337
leaf_weight=580.47063674032688 334.34543223679066 64.893923386931419 104.73529180884361 411.29385612905025 199.15841652452946 669.83439491689205 205.66524349153042
leaf_count=1462 1349 236 315 1175 805 1367 955
internal_value=0.00813993 0.0115977 0.00105031 0.006718 0.00570251 0.0134435 -0.0015528
internal_weight=2570.4 1726.49 843.904 476.188 303.894 1250.31 540.011
internal_count=7664 4240 3424 1411 1120 2829 2304
is_linear=0
shrinkage=0.0126972


Tree=45
num_leaves=8
num_cat=0
split_feature=8 8 4 0 7 18 18
split_gain=328.754 102.774 98.0013 45.5691 39.1766 26.5397 8.1692
threshold=-0.021020677310066901 0.0037936719802160739 0.35844045597865631 -0.088537481203934218 -0.081928794621721451 1.2342517595304539 1.4312019235736353
decision_type=2 2 2 2 2 2 2
left_child=3 4 -3 6 -2 -5 -1
right_child=1 2 -4 5 -6 -7 -8
leaf_value=0.02045377971593404 0.0085398296296732932 -0.0012225215568455058 0.015616715630570824 0.014140861089403926 0.0024554402033801258 0.009266116268772084 0.015313866067527602
leaf_weight=145.74590554833412 717.67216442525387 564.0964879989624 61.113627418875694 423.84860928356647 231.35727460682392 357.33560660481453 140.21115164458752
leaf_count=231 2095 2477 156 930 808 892 264
internal_value=0.00813826 0.00443755 0.000422196 0.0135818 0.00707 0.0119338 0.0180104
internal_weight=2641.38 1574.24 625.21 1067.14 949.029 781.184 285.957
internal_count=7853 5536 2633 2317 2903 1822 495
is_linear=0
shrinkage=0.0126972


Tree=46
num_leaves=8
num_cat=0
split_feature=8 8 4 42 8 42 16
split_gain=320.021 99.8121 95.139 68.9719 44.9835 26.276 3.89723
threshold=-0.021020677310066901 0.0037936719802160739 0.35844045597865631 544079.91050000011 -0.083542435262481438 349407.38740000007 1.1915517368945163
decision_type=2 2 2 2 2 2 2
left_child=4 3 -3 -2 6 -6 -1
right_child=1 2 -4 -5 5 -7 -8
leaf_value=0.02003665651209665 0.010383942534599734 -0.0012077272921876857 0.015350271468027298 0.0034968083137708944 0.015663762690660443 0.010633043019662732 0.01304345257708449
leaf_weight=163.24452832341194 476.8788787573576 563.76659761369228 61.394730895757675 474.13026434183121 254.56779085099697 621.00508660078049 29.737902835011482
leaf_count=257 1326 2477 156 1577 521 1482 57
internal_value=0.00802519 0.00437598 0.000416808 0.00696583 0.0133924 0.0121181 0.01906
internal_weight=2644.73 1576.17 625.161 951.009 1068.56 875.573 192.982
internal_count=7853 5536 2633 2903 2317 2003 314
is_linear=0
shrinkage=0.0126972


Tree=47
num_leaves=8
num_cat=0
split_feature=1 5 18 3 26 25 19
split_gain=276.602 62.1997 53.1718 59.5029 48.4654 48.4138 40.7088
threshold=-0.020328960221210331 0.018811461788553332 1.4387935566507315 0.21938070397863099 -2521.7449999999994 9.3734271420590378 0.033029573352154167
decision_type=2 2 2 2 2 2 2
left_child=1 4 5 -4 -1 -2 -3
right_child=2 6 3 -5 -6 -7 -8
leaf_value=-0.015532749189365227 0.0073250256676832878 0.017379180802037503 -0.0012556765752727134 0.010509153831067512 0.0071120186772454849 -0.0014755240532568425 0.011602921651709557
leaf_weight=15.633991613984106 588.38056670129299 267.64127925038338 456.25635150074959 80.93023481965065 197.58169509470463 119.12114955484867 922.35013069212437
leaf_count=68 1928 488 1862 236 554 546 2171
internal_value=0.00791424 0.0117814 0.0035425 0.000508757 0.00536095 0.00582898 0.0129196
internal_weight=2647.9 1403.21 1244.69 537.187 213.216 707.502 1189.99
internal_count=7853 3281 4572 2098 622 2474 2659
is_linear=0
shrinkage=0.0126972


Tree=48
num_leaves=8
num_cat=0
split_feature=8 8 4 43 0 31 18
split_gain=305.312 95.5314 90.0034 58.2445 44.225 40.6468 7.99506
threshold=-0.021020677310066901 0.010460687071796594 0.35844045597865631 2273106.7886000006 -0.088537481203934218 347.33000000000084 1.4312019235736353
decision_type=2 2 2 2 2 2 2
left_child=4 3 -3 -2 6 -6 -1
right_child=1 2 -4 -5 5 -7 -8
leaf_value=0.019815243226626492 0.0070872568627228022 -0.0028641610608275301 0.013993066204164894 -0.0033245550804482742 0.012330621092542559 0.0019841401022694534 0.014748667799518712
leaf_weight=145.61750744283199 1035.4216519296169 394.31308171153069 57.914879202842712 92.754927888512611 715.26167237758636 69.842772826552391 140.20590752363205
leaf_count=231 3200 1830 149 357 1621 201 264
internal_value=0.0078037 0.00424444 -0.000665521 0.0062208 0.0130408 0.0114256 0.0174054
internal_weight=2651.33 1580.4 452.228 1128.18 1070.93 785.104 285.823
internal_count=7853 5536 1979 3557 2317 1822 495
is_linear=0
shrinkage=0.0126972


Tree=49
num_leaves=8
num_cat=0
split_feature=1 5 4 20 26 4 41
split_gain=262.755 60.0634 52.8195 65.8601 47.0189 44.9129 5.73847
threshold=-0.020328960221210331 0.018811461788553332 0.44108262670084802 0.80935262394825369 -2521.7449999999994 -0.094890999232602344 6.206900000000001
decision_type=2 2 2 2 2 2 2
left_child=1 4 3 -2 -1 -3 -4
right_child=2 5 6 -5 -6 -7 -8
leaf_value=-0.015457860704393686 0.0039719415563445742 0.015065827714077136 0.020737221003110633 -0.0052835251052314692 0.0068787358216664176 0.010019822319457004 0.010295932391487347
leaf_weight=15.578054085373877 1057.9270761758089 601.09743264317513 26.235709071159363 138.92622350156307 198.30763898789883 591.73117069900036 24.442785874009132
leaf_count=68 3806 1220 54 647 554 1439 65
internal_value=0.00769642 0.0114607 0.0034399 0.00288679 0.00516164 0.0125781 0.0160978
internal_weight=2654.25 1406.71 1247.53 1196.85 213.886 1192.83 50.6785
internal_count=7853 3281 4572 4453 622 2659 119
is_linear=0
shrinkage=0.0126972


Tree=50
num_leaves=8
num_cat=0
split_feature=8 8 21 5 31 8 6
split_gain=291.576 91.736 66.7875 45.3403 38.5782 32.6706 13.5939
threshold=-0.021020677310066901 0.0037936719802160739 0.051371605151914461 0.017616860450675422 4727.0349999999989 -0.083542435262481438 0.025717933488614859
decision_type=2 2 2 2 2 2 2
left_child=3 4 -3 6 -2 -5 -1
right_child=1 2 -4 5 -6 -7 -8
leaf_value=-0.0032712969903737014 0.0069855918490045448 -0.00096764795779526148 0.013472892132076695 0.018297030245792309 -0.0096305621716004861 0.012264351010829372 0.0072873468243415318
leaf_weight=29.056105360388756 935.93591850996017 570.51376400887966 56.061568394303322 192.44190946221352 22.017184033989906 798.63570055365562 52.773471683263779
leaf_count=97 2813 2491 142 314 90 1766 140
internal_value=0.00758979 0.00411667 0.000321189 0.0127039 0.00658669 0.0134575 0.0034192
internal_weight=2657.44 1584.53 626.575 1072.91 957.953 991.078 81.8296
internal_count=7853 5536 2633 2317 2903 2080 237
is_linear=0
shrinkage=0.0126972


Tree=51
num_leaves=8
num_cat=0
split_feature=8 8 42 21 8 31 36
split_gain=284.149 90.6668 70.083 69.2736 42.237 43.3845 3.91784
threshold=-0.021385663493914128 0.010460687071796594 544079.91050000011 0.051371605151914461 -0.083542435262481438 347.33000000000084 -0.0063044367182769441
decision_type=2 2 2 2 2 2 2
left_child=4 2 -2 -3 6 -6 -1
right_child=1 3 -4 -5 5 -7 -8
leaf_value=0.010859728284494137 0.0091220655105879386 -0.0025486997890308023 0.002811093714618451 0.012718964607453738 0.012219676725271805 0.0019145783712625978 0.018853413661088603
leaf_weight=20.685380697250366 576.76230627298355 398.57650670409203 571.26326078176498 53.700452953577042 792.81578025221825 74.706344544887543 171.53627571463585
leaf_count=41 1657 1842 1936 137 1756 211 273
internal_value=0.0074862 0.004097 0.00599397 -0.000697479 0.0125888 0.0113461 0.0180863
internal_weight=2660.05 1600.3 1148.03 452.277 1059.74 867.522 192.222
internal_count=7853 5572 3593 1979 2281 1967 314
is_linear=0
shrinkage=0.0126972


Tree=52
num_leaves=8
num_cat=0
split_feature=8 8 42 21 5 8 42
split_gain=276.937 87.1077 63.7015 63.3159 44.0832 31.6828 25.9307
threshold=-0.021020677310066901 0.0037936719802160739 544079.91050000011 0.051371605151914461 0.017616860450675422 -0.083542435262481438 611973.39000000013
decision_type=2 2 2 2 2 2 2
left_child=4 2 -2 -3 6 -6 -1
right_child=1 3 -4 -5 5 -7 -8
leaf_value=0.0093908734883856992 0.0096657120048443696 -0.0009563756190591364 0.0030835335357584969 0.013062869383818409 0.017881823126648152 0.011937313168467679 -0.0048207699969715174
leaf_weight=47.109555840492249 482.78951005637646 570.16572466492653 478.55750687420368 56.430526182055473 191.9726986438036 800.52313111722469 34.951102271676064
leaf_count=116 1326 2491 1577 142 314 1766 121
internal_value=0.00738473 0.00400395 0.00640406 0.000302575 0.0123657 0.0131086 0.00322532
internal_weight=2662.5 1587.94 961.347 626.596 1074.56 992.496 82.0607
internal_count=7853 5536 2903 2633 2317 2080 237
is_linear=0
shrinkage=0.0126972


Tree=53
num_leaves=8
num_cat=0
split_feature=1 42 6 5 26 1 19
split_gain=238.041 70.251 58.7868 55.9072 45.2021 44.338 37.9965
threshold=-0.020328960221210331 298050.62400000007 0.050562770884466972 0.018811461788553332 -2521.7449999999994 0.031262036729585392 0.033029573352154167
decision_type=2 2 2 2 2 2 2
left_child=3 5 -3 4 -1 -2 -5
right_child=1 2 -4 6 -6 -7 -8
leaf_value=-0.015434005562593256 0.012106132021792448 0.0001061188099220007 0.0076977826922457297 0.01624587110750916 0.0064762907781207137 -0.00019250338131317316 0.010675895344447258
leaf_weight=15.558778658509253 195.47883357107639 789.07134298980236 208.03362047672272 267.77017833292484 199.48458389937878 60.109548956155777 929.21933451294899
leaf_count=68 572 3075 667 488 554 258 2171
internal_value=0.00728515 0.00324196 0.00170427 0.0108617 0.00480123 0.00918121 0.0119387
internal_weight=2664.73 1252.69 997.105 1412.03 215.043 255.588 1196.99
internal_count=7853 4572 3742 3281 622 830 2659
is_linear=0
shrinkage=0.0126972


Tree=54
num_leaves=8
num_cat=0
split_feature=8 4 17 10 42 35 22
split_gain=276.89 93.9907 83.9102 65.0848 53.8608 15.7669 5.30497
threshold=-0.0081932870205985702 0.44108262670084802 -0.026146497611053306 -0.077160734121195382 349407.38740000007 -0.028175354570901801 80.221979781627482
decision_type=2 2 2 2 2 2 2
left_child=3 2 -2 5 -5 -1 -3
right_child=1 6 -4 4 -6 -7 -8
leaf_value=-0.0041286255676602499 0.0045268250249845569 0.023222637302306538 -0.002888547017036054 0.01316517009452548 0.0068365120731504027 0.014598504692034636 0.011865665855700317
leaf_weight=6.2316112518310538 600.64239746332169 30.781609818339348 414.20417396724224 323.5964489877224 709.02914893627167 531.35210604965687 17.663258194923401
leaf_count=19 2185 59 1760 722 1914 1031 41
internal_value=0.00734991 0.00233243 0.00149039 0.0107387 0.00883677 0.0143577 0.0195056
internal_weight=2633.5 1063.29 1014.85 1570.21 1032.63 537.584 48.4449
internal_count=7731 4045 3945 3686 2636 1050 100
is_linear=0
shrinkage=0.0126972


Tree=55
num_leaves=8
num_cat=0
split_feature=1 4 0 7 32 19 34
split_gain=220.373 85.9701 96.0025 65.9425 29.8465 25.1754 5.83047
threshold=-0.023092148948677556 0.44108262670084802 0.034576597652459136 -0.1413123028254557 -8121.8149999999987 0.0056758579726777668 -10923.07
decision_type=2 2 2 2 2 2 2
left_child=3 2 -2 5 -5 -1 -3
right_child=1 6 -4 4 -6 -7 -8
leaf_value=0.019516607360903174 0.0043953516103143447 0.023623381460960741 -0.0051990818100432308 0.00042002156294465581 0.0086109881647305122 0.012216515342072553 0.012808267493586885
leaf_weight=92.807912588119507 1065.3470880538225 29.974375531077385 198.14467330276966 92.005729541182518 374.71784040331841 759.59634046256542 23.226077437400818
leaf_count=145 3664 53 941 280 953 1639 56
internal_value=0.00725051 0.00356159 0.00288076 0.0109213 0.00702088 0.0130379 0.019307
internal_weight=2635.82 1316.69 1263.49 1319.13 466.724 852.404 53.2005
internal_count=7731 4714 4605 3017 1233 1784 109
is_linear=0
shrinkage=0.0126972


Tree=56
num_leaves=8
num_cat=0
split_feature=9 0 11 5 42 7 5
split_gain=231.108 73.9694 78.5036 76.3806 40.7669 30.9462 30.6001
threshold=-0.035965853547537556 0.035669852814048338 0.036716495227220099 0.021025346212649679 1980552.5299000002 -0.092241966108981416 0.024385196536296724
decision_type=2 2 2 2 2 2 2
left_child=4 3 -3 -2 5 -1 -6
right_child=1 2 -4 -5 6 -7 -8
leaf_value=0.013523402906408952 0.0019749943881378885 -0.0067532711633402475 0.010441625742972542 0.0078807928681272899 -0.0093733274063665089 0.0011480211505912729 0.007857519304738006
leaf_weight=824.82038524746895 624.07784958183765 169.87831422686577 56.210582673549652 830.78344570100307 20.125976905226707 35.921329960227013 76.313534334301949
leaf_count=1683 2212 830 165 2482 72 104 183
internal_value=0.00715261 0.00430457 -0.00241541 0.00535647 0.0121371 0.01302 0.00411756
internal_weight=2638.13 1680.95 226.089 1454.86 957.181 860.742 96.4395
internal_count=7731 5689 995 4694 2042 1787 255
is_linear=0
shrinkage=0.0126972


Tree=57
num_leaves=8
num_cat=0
split_feature=9 6 0 42 7 42 6
split_gain=225.417 72.1648 93.5477 39.6914 30.1208 23.4371 23.0494
threshold=-0.035965853547537556 0.021768070074427489 0.02773834493945249 1980552.5299000002 -0.092241966108981416 2018817.5500000003 0.04083498994513219
decision_type=2 2 2 2 2 2 2
left_child=3 5 -3 4 -1 -2 -5
right_child=1 2 -4 6 -6 -7 -8
leaf_value=0.013345807996436414 -0.00040178572745334478 0.0067725330440575882 -0.0013541292892145927 -0.0069626252563012537 0.0011335028455445437 -0.010758725292278155 0.0074962261764671906
leaf_weight=825.19053792953491 160.27647475898266 1197.7536606490612 279.42990964651108 22.034437745809555 35.927983671426773 45.355349570512772 74.412825912237167
leaf_count=1683 609 3660 1212 76 104 208 179
internal_value=0.00705594 0.00424528 0.00522849 0.0119784 0.0128493 -0.0027627 0.00406345
internal_weight=2640.38 1682.82 1477.18 957.566 861.119 205.632 96.4473
internal_count=7731 5689 4872 2042 1787 817 255
is_linear=0
shrinkage=0.0126972


Tree=58
num_leaves=8
num_cat=0
split_feature=6 25 20 19 4 44 34
split_gain=192.339 114.631 71.0804 63.3121 54.6969 27.2403 13.8178
threshold=0.042468099632733784 4.0288333175521673 0.63027697902013335 0.18918918918918951 0.44108262670084802 2.9357500000000005 -67118.084999999977
decision_type=2 2 2 2 2 2 2
left_child=1 2 -1 6 -5 -3 -2
right_child=3 5 -4 4 -6 -7 -8
leaf_value=0.0066282350648697768 0.001321244841475623 -0.00085651450847264599 -0.0068040371419306233 0.006878778534517167 0.018764261944321028 -0.010381367628355393 0.014618595963877955
leaf_weight=1074.1321993619204 14.800953552126883 279.64388488233089 66.237549051642418 589.54395239055157 71.006613373756409 58.74568572640419 488.50071038305759
leaf_count=3047 42 1192 303 1740 140 294 973
internal_value=0.0069604 0.00390795 0.00583563 0.0108256 0.00818939 -0.00255713 0.0142499
internal_weight=2642.61 1478.76 1140.37 1163.85 660.551 338.39 503.302
internal_count=7731 4836 3350 2895 1880 1486 1015
is_linear=0
shrinkage=0.0126972


Tree=59
num_leaves=8
num_cat=0
split_feature=8 4 7 15 33 33 8
split_gain=251.199 86.3026 82.6471 79.8248 29.1096 26.7477 2.1586
threshold=-0.0081932870205985702 0.44108262670084802 -0.1413123028254557 0.97637030940300173 -10321.894999999999 -26427.564999999991 0.022138798766498494
decision_type=2 2 2 2 2 2 2
left_child=2 3 5 -2 -4 -1 -3
right_child=1 6 4 -5 -6 -7 -8
leaf_value=0.0046395199356726157 0.0042185113824832077 0.02403592704934266 0.00078337361303023126 -0.0030103444359213857 0.0078339434719197198 0.013133863366019087 0.014915766145159904
leaf_weight=69.297172844409943 608.74787318706512 16.403022900223732 119.3272599875927 411.26449933648109 523.53746305406094 863.56460946798325 32.670549944043159
leaf_count=175 2199 29 360 1746 1367 1784 71
internal_value=0.00686639 0.00210185 0.0100903 0.00129388 0.00654315 0.0125175 0.0184494
internal_weight=2644.81 1069.09 1575.73 1020.01 642.865 932.862 49.0736
internal_count=7731 4045 3686 3945 1727 1959 100
is_linear=0
shrinkage=0.0126972


Tree=60
num_leaves=8
num_cat=0
split_feature=8 7 42 17 13 2 33
split_gain=244.633 80.6734 60.5907 59.7968 59.8487 30.2978 26.0269
threshold=-0.0081932870205985702 -0.1413123028254557 355400.02455000003 -0.026146497611053306 0.15812312057889491 0.036095266161119584 -26427.564999999991
decision_type=2 2 2 2 2 2 2
left_child=1 6 -3 5 -5 -2 -1
right_child=3 2 -4 4 -6 -7 -8
leaf_value=0.0045800613531755572 0.0031457800627072144 0.012112621875996196 0.0037217395596224785 -0.0025588449770986392 0.017896008028177226 0.010094947862559128 0.012961415156066167
leaf_weight=69.314036950469017 490.12260392308235 207.53823389112949 436.05827660858631 425.64133001863956 23.638263016939163 130.30486497282982 863.94967363774776
leaf_count=175 1765 470 1257 1785 48 447 1784
internal_value=0.00677512 0.00995537 0.00645299 0.00207434 -0.00143518 0.00463087 0.0123535
internal_weight=2646.57 1576.86 643.597 1069.71 449.28 620.427 933.264
internal_count=7731 3686 1727 4045 1833 2212 1959
is_linear=0
shrinkage=0.0126972


Tree=61
num_leaves=8
num_cat=0
split_feature=8 4 5 42 19 8 22
split_gain=238.684 86.9609 86.6583 65.29 47.3171 45.943 4.05032
threshold=-0.0017577825676415857 0.44108262670084802 0.019003972877209049 571842.06260000018 0.23214956531072223 0.019097526624157205 80.221979781627482
decision_type=2 2 2 2 2 2 2
left_child=2 5 3 -1 -4 -2 -3
right_child=1 6 4 -5 -6 -7 -8
leaf_value=0.0088878379349501078 0.0021049709399575652 0.021058594441200385 0.012525361850230945 -0.0016344910919721407 0.007793775512405292 -0.0044812048355745721 0.010786128500394385
leaf_weight=192.76303282380104 503.00356368720531 29.057927638292313 868.17451417446136 183.98278559744358 595.86197958886623 257.53765119612217 17.874108165502548
leaf_count=502 1912 55 1830 639 1531 1221 41
internal_value=0.00668522 0.000914734 0.00920974 0.00372863 0.010611 -0.000113927 0.0175652
internal_weight=2648.26 807.473 1840.78 376.746 1464.04 760.541 46.932
internal_count=7731 3229 4502 1141 3361 3133 96
is_linear=0
shrinkage=0.0126972


Tree=62
num_leaves=8
num_cat=0
split_feature=1 0 21 10 25 33 19
split_gain=189.471 51.5905 56.6177 49.7881 38.1648 20.2452 14.5686
threshold=-0.023092148948677556 0.035669852814048338 0.035238225935352772 -0.077160734121195382 9.955780728683397 -29137.254999999997 0.014345615283696668
decision_type=2 2 2 2 2 2 2
left_child=3 4 -3 6 -2 -5 -1
right_child=1 2 -4 5 -6 -7 -8
leaf_value=0.016679179897943291 0.0050729435183381509 -0.0062830688200395226 0.008044723668019239 -0.00049517730511667321 -0.0030294869860403237 0.0084102896992432705 0.01161244453346472
leaf_weight=145.63135403394699 1002.4730624258518 162.25336001813412 60.079735040664673 41.201209336519241 101.32498824596405 750.12979775667191 386.47209572792053
leaf_count=246 3267 807 176 122 464 1848 801
internal_value=0.00659736 0.00319175 -0.00235343 0.00999893 0.00431861 0.0079338 0.0130373
internal_weight=2649.57 1326.13 222.333 1323.43 1103.8 791.331 532.103
internal_count=7731 4714 983 3017 3731 1970 1047
is_linear=0
shrinkage=0.0126972


Tree=63
num_leaves=8
num_cat=0
split_feature=8 8 18 25 26 3 7
split_gain=276.973 85.5039 84.0335 53.448 41.5038 38.8884 21.063
threshold=-0.0081932870205985702 -0.036259539292001312 1.2187700841267375 -4.5434596508231477 -9481.409999999998 0.21938070397863099 -0.10846280884423577
decision_type=2 2 2 2 2 2 2
left_child=1 6 3 -2 -3 -4 -1
right_child=2 4 5 -5 -6 -7 -8
leaf_value=0.01369202290393373 0.014927283934424622 -0.0084792449162010997 -0.0031875507983397432 0.0033023282807856874 0.0074970016510543394 0.006174858277479294 0.0047227401558315079
leaf_weight=618.14192494750023 76.758820623159409 25.873468577861786 523.92414776980877 392.31366975605488 906.10889185965061 81.5958072245121 50.078578412532806
leaf_count=1176 199 94 2239 1429 2331 246 129
internal_value=0.00620647 0.00955455 0.00120849 0.0052447 0.00703686 -0.00190381 0.0130404
internal_weight=2674.8 1600.2 1074.59 469.072 931.982 605.52 668.221
internal_count=7843 3730 4113 1628 2425 2485 1305
is_linear=0
shrinkage=0.0126972


Tree=64
num_leaves=8
num_cat=0
split_feature=8 8 18 42 3 8 42
split_gain=269.848 83.9248 81.7981 51.1499 37.9166 25.9161 16.5615
threshold=-0.0081932870205985702 -0.041425146920059545 1.2187700841267375 325549.73285000009 0.21938070397863099 0.010110826276209741 983233.71380000014
decision_type=2 2 2 2 2 2 2
left_child=1 6 5 -3 -4 -2 -1
right_child=2 3 4 -5 -6 -7 -8
leaf_value=0.014599552118566575 0.007066659163181048 0.011920954452874527 -0.0031515265238621403 0.0054766851204301617 0.0060872095361837889 0.00040261960337303768 0.0091615417858280923
leaf_weight=437.73896493017673 334.37562598288059 277.31916962563992 523.19685849547386 750.98557528853416 81.728484019637108 135.53270134329796 134.71253326535225
leaf_count=801 1043 615 2239 2024 246 585 290
internal_value=0.00612608 0.00943014 0.00119311 0.00723106 -0.00188126 0.00516942 0.0133497
internal_weight=2675.59 1600.76 1074.83 1028.3 604.925 469.908 572.451
internal_count=7843 3730 4113 2639 2485 1628 1091
is_linear=0
shrinkage=0.0126972


Tree=65
num_leaves=8
num_cat=0
split_feature=8 8 42 15 21 12 7
split_gain=262.951 82.4409 60.4285 55.1107 40.2657 33.4113 20.5939
threshold=-0.0081932870205985702 -0.036259539292001312 325549.73285000009 0.97637030940300173 0.025783136992612941 0.024278541468540808 -0.10846280884423577
decision_type=2 2 2 2 2 2 2
left_child=1 6 -3 5 -5 -2 -1
right_child=3 2 -4 4 -6 -7 -8
leaf_value=0.01338140492548431 0.0024564465699208867 0.012080672479064958 0.0048085817696822322 -0.004585260490935098 0.0038343872647520574 0.011237891716578807 0.0045209751773475611
leaf_weight=617.15323279798031 545.14416249096394 258.6808069050312 675.23035831749439 323.18119588494301 125.8708351701498 80.834372326731682 50.144943758845329
leaf_count=1176 2004 571 1854 1430 428 251 129
internal_value=0.00604721 0.00930823 0.00684088 0.0011779 -0.00220048 0.00361735 0.0127359
internal_weight=2676.24 1601.21 933.911 1075.03 449.052 625.979 667.298
internal_count=7843 3730 2425 4113 1858 2255 1305
is_linear=0
shrinkage=0.0126972


Tree=66
num_leaves=8
num_cat=0
split_feature=8 8 15 5 42 8 42
split_gain=256.372 74.1299 60.3824 45.4927 40.5384 31.2882 16.2875
threshold=-0.010140378756996913 -0.041425146920059545 0.70065915767476816 0.026707142127068356 325549.73285000009 0.011193905067619638 983233.71380000014
decision_type=2 2 2 2 2 2 2
left_child=1 6 5 -4 -3 -2 -1
right_child=2 4 3 -5 -6 -7 -8
leaf_value=0.014283139692681092 0.0086741511840851236 0.011547447063646882 -0.0025600413917662127 0.0033653797520090327 0.0055516705571529035 -0.0012770405145233557 0.0088913608129693629
leaf_weight=436.77424646914005 227.18955935537815 255.53608445823193 524.89641837775707 345.70152540504932 689.00676727294922 63.216360852122307 134.56897296011448
leaf_count=801 669 563 2151 1253 1833 283 290
internal_value=0.00596935 0.00940831 0.00146767 -0.000194738 0.00719149 0.00647517 0.0130428
internal_weight=2676.89 1515.89 1161 870.598 944.543 290.406 571.343
internal_count=7843 3487 4356 3404 2396 952 1091
is_linear=0
shrinkage=0.0126972


Tree=67
num_leaves=8
num_cat=0
split_feature=1 18 10 12 5 5 19
split_gain=228.845 67.2073 39.3053 35.8013 33.6408 26.2347 15.6003
threshold=-0.035168833592120356 1.2187700841267375 -0.077160734121195382 0.056076237717791029 0.016082089093544281 0.013083793980661012 0.012638262189034593
decision_type=2 2 2 2 2 2 2
left_child=2 4 6 -3 -2 -4 -1
right_child=1 3 5 -5 -6 -7 -8
leaf_value=0.016821402798216461 -0.00010743109594119669 -0.0010336028378033586 -0.0077805460193728533 0.0053721184195418678 0.0069299272009559713 0.008406880085338974 0.011436784500193569
leaf_weight=132.05670565366745 131.59799972176552 669.02372202277184 15.456370070576666 177.15791100263596 577.46630693972111 578.45612433552742 396.2872903496027
leaf_count=218 476 2596 55 552 1779 1363 804
internal_value=0.0058925 0.00272842 0.0102641 0.000298718 0.00561068 0.00796031 0.0128213
internal_weight=2677.5 1555.25 1122.26 846.182 709.064 593.912 528.344
internal_count=7843 5403 2440 3148 2255 1418 1022
is_linear=0
shrinkage=0.0126972


Tree=68
num_leaves=8
num_cat=0
split_feature=8 8 25 42 15 1 10
split_gain=246.316 77.8661 62.0767 57.5965 46.1828 23.6413 17.662
threshold=-0.0081932870205985702 -0.036259539292001312 -3.9417029356670166 325549.73285000009 0.91109158716738425 0.020872004325411479 -0.13247569771365128
decision_type=2 2 2 2 2 2 2
left_child=1 6 5 -3 -4 -2 -1
right_child=2 3 4 -5 -6 -7 -8
leaf_value=0.01557666336455601 0.0059055487724588244 0.011689678664608136 0.002553262374513587 0.0045985305229684342 -0.0032141998072039379 0.019548341108302957 0.010828127124815078
leaf_weight=203.88073022663593 158.79102696478367 259.32819633185863 455.61834718286991 676.76637303829193 438.08200906217098 24.241793140769005 461.689547970891
leaf_count=347 495 571 1687 1854 1868 63 958
internal_value=0.0058159 0.00897286 0.0011078 0.00658075 -0.000262841 0.00783207 0.0123121
internal_weight=2678.4 1601.66 1076.73 936.095 893.7 183.033 665.57
internal_count=7843 3730 4113 2425 3555 558 1305
is_linear=0
shrinkage=0.0126972


Tree=69
num_leaves=8
num_cat=0
split_feature=8 8 42 5 15 19 7
split_gain=240.613 104.784 63.1914 41.4557 34.0429 22.3606 20.065
threshold=0.00077086787927693756 -0.036259539292001312 313904.78190000006 0.044851147522908932 0.58997640081526626 0.23899832162157184 -0.10846280884423577
decision_type=2 2 2 2 2 2 2
left_child=1 6 -3 4 -2 -5 -1
right_child=3 2 -4 5 -6 -7 -8
leaf_value=0.012808284025153202 0.0065615181027047524 0.010735415568718485 0.004254174491695034 -0.0060278684815958956 -0.0026650541915742283 0.010742929231850657 0.0040853689259775731
leaf_weight=614.61997835338116 71.572842836380005 330.09426800906658 958.38248431682587 14.333418652415274 568.66694678366184 70.833318144083023 50.275466948747635
leaf_count=1176 251 781 2761 65 2469 211 129
internal_value=0.00574168 0.00806029 0.00592716 -0.000489572 -0.00161204 0.00777745 0.0121687
internal_weight=2678.78 1953.37 1288.48 725.407 640.24 85.1667 664.895
internal_count=7843 4847 3542 2996 2720 276 1305
is_linear=0
shrinkage=0.0126972


Tree=70
num_leaves=8
num_cat=0
split_feature=8 8 18 25 42 4 42
split_gain=234.783 75.0685 74.0844 50.241 44.8707 35.6318 16.2125
threshold=-0.0081932870205985702 -0.041425146920059545 1.2187700841267375 -4.5434596508231477 325549.73285000009 0.44108262670084802 983233.71380000014
decision_type=2 2 2 2 2 2 2
left_child=1 6 3 -2 -3 -4 -1
right_child=2 4 5 -5 -6 -7 -8
leaf_value=0.01371659624222402 0.014157444116343747 0.011064796984194826 -0.0026848247800914053 0.0029578664766041806 0.0050416733945133326 0.009802097615347987 0.008344857870060703
leaf_weight=434.48943977057934 77.767962992191315 278.78077867627144 565.34540416300297 395.73935517668724 754.29806414246559 38.479165479540825 134.14473783969879
leaf_count=801 199 615 2394 1429 2024 91 290
internal_value=0.00566847 0.00875109 0.00107344 0.00483597 0.00668293 -0.00186238 0.0124784
internal_weight=2679.04 1601.71 1077.33 473.507 1033.08 603.825 568.634
internal_count=7843 3730 4113 1628 2639 2485 1091
is_linear=0
shrinkage=0.0126972


Tree=71
num_leaves=8
num_cat=0
split_feature=9 25 15 6 33 11 42
split_gain=229.848 76.8786 49.6043 33.4065 49.2536 24.5289 18.3881
threshold=-0.036615474274798603 5.3071888667123313 0.56411428776593875 0.04083498994513219 -15148.679999999998 0.0379347965151784 4419479.6118500009
decision_type=2 2 2 2 2 2 2
left_child=3 2 -2 4 -1 -3 -5
right_child=1 5 -4 6 -6 -7 -8
leaf_value=-0.0089391461668017532 0.011249280603851334 -0.0028673579861354069 0.0034246433146316413 0.012466441320837587 0.0085395289198057032 0.0076847466705847259 0.00051151896649791271
leaf_weight=27.942844316363335 148.86153993010521 384.54529176652431 1144.4702545255423 665.23221129179001 246.76798118650913 38.063525691628456 23.298133313655853
leaf_count=94 376 1713 3604 1315 559 119 63
internal_value=0.00559664 0.00280029 0.00433842 0.0105622 0.0067075 -0.0018824 0.0120775
internal_weight=2679.18 1715.94 1293.33 963.241 274.711 422.609 688.53
internal_count=7843 5812 3980 2031 653 1832 1378
is_linear=0
shrinkage=0.0126972


Tree=72
num_leaves=8
num_cat=0
split_feature=8 6 7 8 27 8 40
split_gain=223.186 86.1586 80.02 45.627 39.6145 32.4862 23.284
threshold=-0.0017577825676415857 0.042468099632733784 -0.10415262192789916 0.020707192494026531 -3597.7699999999991 -0.083542435262481438 6.2093500000000015
decision_type=2 2 2 2 2 2 2
left_child=2 3 5 -2 -4 -1 -3
right_child=1 6 4 -5 -6 -7 -8
leaf_value=0.014913677263354155 -0.00049006477457311877 0.0077186527914769373 -0.0066162158183932169 -0.0090853693652752192 0.0050245284565562419 0.0090481283966779725 -0.00053048553848780884
leaf_weight=183.6652926504612 398.12112145125866 233.32728163897991 52.007395252585411 133.44761371612549 406.99358761310577 1205.4858842641115 69.135372027754784
leaf_count=314 1589 803 191 696 1154 2815 265
internal_value=0.00585472 0.000389094 0.00831473 -0.0026756 0.00367583 0.00983771 0.00580266
internal_weight=2682.18 834.031 1848.15 531.569 459.001 1389.15 302.463
internal_count=7827 3353 4474 2285 1345 3129 1068
is_linear=0
shrinkage=0.0126972


Tree=73
num_leaves=8
num_cat=0
split_feature=8 6 7 32 8 8 30
split_gain=217.488 83.8824 78.0923 66.1632 44.7709 32.1659 28.0547
threshold=-0.0017577825676415857 0.042468099632733784 -0.10415262192789916 -5852.7550000000001 0.020707192494026531 -0.083542435262481438 -3946.6599999999994
decision_type=2 2 2 2 2 2 2
left_child=2 4 5 -4 -2 -1 -3
right_child=1 6 3 -5 -6 -7 -8
leaf_value=0.014771690900673125 -0.00048395231115423069 0.00012950132189708442 -0.0060784541380745861 0.0060105054068125639 -0.0090139850849468607 0.0089282232753435681 0.008432498776717973
leaf_weight=183.0863429158926 398.03955018520355 100.62779013812542 89.544452279806137 369.77270177006721 132.80597837269306 1206.1680743396282 202.50764979422092
leaf_count=314 1589 373 316 1029 696 2815 695
internal_value=0.00577958 0.000383605 0.00820746 0.00362632 -0.00264568 0.00971233 0.00571596
internal_weight=2682.55 833.981 1848.57 459.317 530.846 1389.25 303.135
internal_count=7827 3353 4474 1345 2285 3129 1068
is_linear=0
shrinkage=0.0126972


Tree=74
num_leaves=8
num_cat=0
split_feature=8 6 7 32 8 8 30
split_gain=211.931 81.6852 76.2213 64.464 43.93 31.8504 27.1865
threshold=-0.0017577825676415857 0.042468099632733784 -0.10415262192789916 -5852.7550000000001 0.020707192494026531 -0.083542435262481438 -3946.6599999999994
decision_type=2 2 2 2 2 2 2
left_child=2 4 5 -4 -2 -1 -3
right_child=1 6 3 -5 -6 -7 -8
leaf_value=0.014632145167159126 -0.00047791495835972043 0.00012786212095370177 -0.0060104245762622232 0.0059271798792010274 -0.0089430822637367475 0.0088103117712269811 0.0082985464477359043
leaf_weight=182.49569602310658 397.95897531509399 100.6323074400425 89.416504800319672 370.21647222340107 132.16862641274929 1206.795539945364 203.17016267776489
leaf_count=314 1589 373 316 1029 696 2815 695
internal_value=0.00570564 0.000378507 0.00810188 0.00357749 -0.00261609 0.00958901 0.00563156
internal_weight=2682.85 833.93 1848.92 459.633 530.128 1389.29 303.802
internal_count=7827 3353 4474 1345 2285 3129 1068
is_linear=0
shrinkage=0.0126972


Tree=75
num_leaves=8
num_cat=0
split_feature=0 6 7 15 32 0 18
split_gain=166.304 94.3019 72.762 54.4092 44.8078 39.0054 32.433
threshold=-0.0017892948828164832 0.04504712234359478 -0.07933834929320556 0.58451030189181807 -5613.6549999999997 -0.088537481203934218 1.2342517595304539
decision_type=2 2 2 2 2 2 2
left_child=2 3 5 -2 -4 -1 -3
right_child=1 6 4 -5 -6 -7 -8
leaf_value=0.013406806843529616 0.0075972866550189583 0.012337776585969344 -0.010461868921359242 -0.0033692216487246972 0.0038515324500686407 0.0079215131756584702 0.0035544481556445055
leaf_weight=259.19672518968582 84.089465796947479 113.31831756234169 42.330897256731987 508.1007321625948 191.75245356559753 1303.3636797517538 180.91935332119465
leaf_count=468 266 328 167 2191 580 3210 617
internal_value=0.00563283 0.00111788 0.00785354 -0.00178812 0.0011976 0.00884323 0.00699175
internal_weight=2683.07 886.428 1796.64 592.19 234.083 1562.56 294.238
internal_count=7827 3402 4425 2457 747 3678 945
is_linear=0
shrinkage=0.0126972


Tree=76
num_leaves=8
num_cat=0
split_feature=9 5 3 1 19 33 11
split_gain=178.932 71.8912 47.2861 45.3594 41.9071 41.3506 21.4155
threshold=-0.0044090297040948459 0.015324652194141997 0.21938070397863099 0.010949571182314767 0.01084994506356907 -4634.2449999999981 0.057613701667746937
decision_type=2 2 2 2 2 2 2
left_child=1 5 3 -2 -3 -1 -4
right_child=2 4 6 -5 -6 -7 -8
leaf_value=-0.0090325982349215191 0.0034153556987610231 0.015735960321796 0.0038795294302789796 -0.0025880568996063985 0.0081484579027820726 0.0043693501821525146 0.015711222232455541
leaf_weight=53.863144174218178 357.83998946845531 131.74815478920937 62.399539142847061 466.77980145812035 1450.8041705042124 115.49350418150425 44.527874663472176
leaf_count=208 1172 224 203 2081 3507 338 94
internal_value=0.00556074 0.00795176 0.00105075 5.47203e-06 0.00879289 2.85982e-05 0.00896766
internal_weight=2683.46 1751.91 931.547 824.62 1582.55 169.357 106.927
internal_count=7827 4277 3550 3253 3731 546 297
is_linear=0
shrinkage=0.0126972


Tree=77
num_leaves=8
num_cat=0
split_feature=0 7 5 42 15 0 14
split_gain=159.355 70.1324 58.1597 53.1525 48.706 38.2622 33.5976
threshold=-0.0017892948828164832 -0.07933834929320556 0.027927946325704715 498830.21480000002 0.58997640081526626 -0.088537481203934218 0.014492910983047577
decision_type=2 2 2 2 2 2 2
left_child=1 5 4 -3 -2 -1 -4
right_child=2 3 6 -5 -6 -7 -8
leaf_value=0.013168042271811257 0.0090199874479032945 0.0076639399666798662 -0.0034882863332069088 -0.0044150902796263646 -0.0031601284172632364 0.0077255887223372849 0.0065466211189564149
leaf_weight=257.93201187252998 59.026168629527092 108.32246075570583 62.97571437060833 125.97981548309326 449.67773129045963 1304.6780845969915 315.15013609826565
leaf_count=468 184 288 268 459 1925 3210 1025
internal_value=0.00548981 0.00766368 0.0010712 0.00113205 -0.00171698 0.00863567 0.00484538
internal_weight=2683.74 1796.91 886.83 234.302 508.704 1562.61 378.126
internal_count=7827 4425 3402 747 2109 3678 1293
is_linear=0
shrinkage=0.0126972


Tree=78
num_leaves=8
num_cat=0
split_feature=8 7 42 11 18 19 42
split_gain=195.113 71.0308 58.5103 44.5089 48.0869 34.186 10.6725
threshold=-0.0017577825676415857 -0.10415262192789916 582263.70220000006 0.057613701667746937 1.5539660955378582 0.0056758579726777668 882763.55440000014
decision_type=2 2 2 2 2 2 2
left_child=1 5 -3 4 -2 -1 -5
right_child=3 2 -4 6 -6 -7 -8
leaf_value=0.016554546492695874 0.0020236891747982969 0.0075213370390765227 -0.0015163609678896012 0.017189929858201756 -0.0044443473451002613 0.0085868288840473643 0.0029562493554486512
leaf_weight=96.783736124634743 496.63059143722057 249.46979738771915 211.32217670977116 28.879238456487656 294.25185936689377 1291.6159303635359 15.027343600988386
leaf_count=160 1916 638 707 62 1331 2969 44
internal_value=0.00541975 0.00771946 0.00335843 0.000311308 -0.000371692 0.00915723 0.0126629
internal_weight=2683.98 1849.19 460.792 834.789 790.882 1388.4 43.9066
internal_count=7827 4474 1345 3353 3247 3129 106
is_linear=0
shrinkage=0.0126972


Tree=79
num_leaves=8
num_cat=0
split_feature=8 9 5 8 42 5 42
split_gain=190.15 54.8116 48.6062 41.283 37.6848 21.2217 14.7792
threshold=-0.0017577825676415857 -0.05302556243597633 0.014551387868722917 0.020707192494026531 3769995.1963500003 0.019088001353610263 1341846.2654000001
decision_type=2 2 2 2 2 2 2
left_child=1 5 6 -4 -3 -1 -2
right_child=2 4 3 -5 -6 -7 -8
leaf_value=0 -0.0044039565514429977 0.0066011573490161535 0.0037990738446001212 -0.002414270618916393 -0.0026202875849359823 0.01121916949652994 -0.01525699288801295
leaf_weight=29.52693746984005 71.536786988377571 1148.8841277062893 459.08884577453136 273.28663416206837 74.205962121486664 596.63239578902721 30.783029496669769
leaf_count=79 321 2969 1650 1222 249 1177 160
internal_value=0.0053513 0.00762143 0.000307685 0.00146665 0.00603228 0.0106996 -0.00784519
internal_weight=2683.94 1849.25 834.695 732.375 1223.09 626.159 102.32
internal_count=7827 4474 3353 2872 3218 1256 481
is_linear=0
shrinkage=0.0126972


Tree=80
num_leaves=8
num_cat=0
split_feature=8 9 11 18 43 19 31
split_gain=185.376 53.8478 43.4609 46.6483 33.0828 17.9788 7.74592
threshold=-0.0017577825676415857 -0.05302556243597633 0.057613701667746937 1.5539660955378582 2273106.7886000006 0.014345615283696668 -5194.4849999999997
decision_type=2 2 2 2 2 2 2
left_child=1 5 3 -2 -3 -1 -4
right_child=2 4 6 -5 -6 -7 -8
leaf_value=0.014650368022265834 0.0019826073131310753 0.0065577307392570639 0.0052287193232113602 -0.0043915133662365529 -0.0011473125133019057 0.0093105889780618553 0.017229201565334709
leaf_weight=144.94861246645451 497.16708819568157 1129.0044880956411 18.75510585308075 293.52298557758331 95.00909398496151 480.33709315955639 25.243532419204712
leaf_count=253 1916 2904 50 1331 314 1003 56
internal_value=0.00528318 0.00752457 0.000303077 -0.000372519 0.00595108 0.0105789 0.0124952
internal_weight=2683.99 1849.3 834.689 790.69 1224.01 625.286 43.9986
internal_count=7827 4474 3353 3247 3218 1256 106
is_linear=0
shrinkage=0.0126972


Tree=81
num_leaves=8
num_cat=0
split_feature=9 42 0 6 31 17 42
split_gain=165.92 53.8559 41.5781 37.1116 23.892 15.8403 11.6763
threshold=-0.036615474274798603 265167.76520000008 -0.088537481203934218 0.018353953558453717 988.77499999999668 -0.026146497611053306 1980552.5299000002
decision_type=2 2 2 2 2 2 2
left_child=2 5 6 -3 -4 -2 -1
right_child=1 3 4 -5 -6 -7 -8
leaf_value=0.014479641044598063 0.010373932247848928 -0.0064654524277756101 0.0080479162580050431 0.0020311505258972765 -0.0017664721341425515 0.0035340814473989257 0.0048631627124867405
leaf_weight=231.41662666201591 157.87021540105343 87.123748898506165 627.10844023525715 1361.0473576933146 40.697243884205818 92.989965990185738 26.884390354156494
leaf_count=401 430 365 1407 4620 115 307 60
internal_value=0.00482823 0.00246163 0.00915415 0.00151025 0.00743348 0.00789489 0.013533
internal_weight=2625.14 1699.03 926.107 1448.17 667.806 250.86 258.301
internal_count=7705 5722 1983 4985 1522 737 461
is_linear=0
shrinkage=0.0126972


Tree=82
num_leaves=8
num_cat=0
split_feature=8 0 42 31 5 8 42
split_gain=162.864 56.8497 49.6502 35.6905 33.5336 27.4066 12.4545
threshold=-0.013059800291517485 -0.088537481203934218 544079.91050000011 1311.4399999999996 0.017023875119338928 0.014581125096930438 1980552.5299000002
decision_type=2 2 2 2 2 2 2
left_child=1 6 5 -3 -4 -2 -1
right_child=2 3 4 -5 -6 -7 -8
leaf_value=0.014065360382516576 0.0056899854060687705 0.0071194990240730808 -0.0058531840588635902 -0.0024880815204624605 0.00074460736344798383 -0.00041642260283622376 0.0043145498281161078
leaf_weight=241.55574949085712 460.2597264200449 1005.5417271852493 163.00267903506756 64.508100658655167 507.66491469740868 155.33079652488232 27.348155856132507
leaf_count=425 1393 2370 698 192 1876 689 62
internal_value=0.00476706 0.00786753 0.0015293 0.00652965 -0.000848083 0.00413394 0.0131244
internal_weight=2625.21 1338.95 1286.26 1070.05 670.668 615.591 268.904
internal_count=7705 3049 4656 2562 2574 2082 487
is_linear=0
shrinkage=0.0126972


Tree=83
num_leaves=8
num_cat=0
split_feature=8 7 18 41 24 40 8
split_gain=158.982 53.1802 49.3708 33.2032 28.75 25.0705 20.4276
threshold=-0.013059800291517485 -0.13952871507001419 1.5539660955378582 1.7480000000000002 57.708232763476154 3.7268000000000003 -0.083542435262481438
decision_type=2 2 2 2 2 2 2
left_child=1 6 3 -2 -4 -3 -1
right_child=2 5 4 -5 -6 -7 -8
leaf_value=0.013661159592640004 0.0072250376208143714 0.0061245735422873352 -0.0059856067522095231 0.0016647658641792632 0.00064597823076398774 -0.00030402433856669049 0.0086209584466465927
leaf_weight=174.84194162487984 246.81020833551884 344.92376902699471 171.74794149398804 603.13123750686646 264.96470233798027 132.2201910763979 686.27276685833931
leaf_count=309 788 866 736 2113 1019 376 1498
internal_value=0.0047072 0.00777195 0.00150928 0.0032957 -0.00194404 0.00432401 0.00966587
internal_weight=2624.91 1338.26 1286.65 849.941 436.713 477.144 861.115
internal_count=7705 3049 4656 2901 1755 1242 1807
is_linear=0
shrinkage=0.0126972


Tree=84
num_leaves=8
num_cat=0
split_feature=9 8 44 0 7 15 43
split_gain=156.496 57.2412 43.1825 39.9076 33.6501 22.7953 10.2009
threshold=-0.036615474274798603 0.010460687071796594 12.399850000000002 -0.088537481203934218 -0.076776040803998538 0.87994891586135804 1132018.5658000002
decision_type=2 2 2 2 2 2 2
left_child=3 4 -3 6 -2 -5 -1
right_child=1 2 -4 5 -6 -7 -8
leaf_value=0.014115409144217748 0.0048454235754299586 -0.0031564266355355959 0.0089236894054204475 0.0089373010610060751 -2.7521184984212945e-05 0.0039196992802336831 0.0053352537964094834
leaf_weight=226.84396162629128 977.03994733095169 378.12993413209915 53.633681446313858 430.53582173585892 292.7395496815443 236.72433127462864 29.045953899621964
leaf_count=397 2808 1747 168 937 999 585 64
internal_value=0.00464808 0.00235465 -0.00162095 0.00885958 0.0037146 0.00717807 0.0131747
internal_weight=2624.69 1701.54 431.764 923.15 1269.78 667.26 255.89
internal_count=7705 5722 1915 1983 3807 1522 461
is_linear=0
shrinkage=0.0126972


Tree=85
num_leaves=8
num_cat=0
split_feature=8 7 42 42 5 5 8
split_gain=152.2 51.4046 48.0941 35.776 32.6961 26.4184 20.1065
threshold=-0.013059800291517485 -0.13952871507001419 544079.91050000011 352688.25215000001 0.017023875119338928 0.050153810476506265 -0.094088014583265253
decision_type=2 2 2 2 2 2 2
left_child=1 6 5 -3 -4 -2 -1
right_child=2 3 4 -5 -6 -7 -8
leaf_value=0.013985816591400354 0.0033523227788779838 0.0092284351297872678 -0.005823516960267023 0.0017523229503690156 0.00069375542742821511 0.014814587617220281 0.0085464270421784956
leaf_weight=140.55654563009739 582.2628785520792 154.64264541864395 162.75505135953426 322.75500594079494 508.14118161797523 34.446662575006485 718.61087039113045
leaf_count=246 1997 342 698 900 1876 85 1561
internal_value=0.00459027 0.00759239 0.00146382 0.00420474 -0.000876417 0.00402429 0.00945824
internal_weight=2624.17 1336.57 1287.61 477.398 670.896 616.71 859.167
internal_count=7705 3049 4656 1242 2574 2082 1807
is_linear=0
shrinkage=0.0126972


Tree=86
num_leaves=8
num_cat=0
split_feature=9 8 42 0 2 18 42
split_gain=150.128 55.4181 39.2023 39.0501 38.7721 23.9535 11.2685
threshold=-0.036615474274798603 0.010460687071796594 265167.76520000008 -0.088537481203934218 0.073130216351997471 1.3617337575717106 1980552.5299000002
decision_type=2 2 2 2 2 2 2
left_child=3 2 -2 6 -3 -5 -1
right_child=1 4 -4 5 -6 -7 -8
leaf_value=0.013889412879397435 0.0087537867116833003 -0.0047710526349826329 0.0026371332561953577 0.008634259758382952 0.0029498079642053744 0.0033255065348934527 0.0044185256736387372
leaf_weight=227.59617598354816 203.08431906998158 256.95089100301266 1067.957321241498 459.55433306097984 174.68099676072598 207.24307239055634 26.668024763464928
leaf_count=401 523 1241 3284 1004 674 518 60
internal_value=0.00453315 0.0022896 0.00362649 0.00866492 -0.00162326 0.00700444 0.01295
internal_weight=2623.74 1702.67 1271.04 921.062 431.632 666.797 254.264
internal_count=7705 5722 3807 1983 1915 1522 461
is_linear=0
shrinkage=0.0126972


Tree=87
num_leaves=8
num_cat=0
split_feature=10 42 6 41 6 41 34
split_gain=124.772 56.2099 49.9554 46.0884 42.9389 41.5765 16.9302
threshold=-0.054408759518007548 2018817.5500000003 0.029201011084193592 1.7480000000000002 0.046149342210587967 5.3283500000000013 8503.1250000000018
decision_type=2 2 2 2 2 2 2
left_child=4 3 -3 -2 5 -1 -6
right_child=1 2 -4 -5 6 -7 -8
leaf_value=0.0075620694665920101 0.0070235502619058459 -0.011169665098699703 0.00095720193233945702 0.0020811882595057605 0.011440386855493312 -0.0023711945235126569 -0.00098670761279211899
leaf_weight=274.45299652218819 424.14958414435387 81.448254153132439 160.32405997812748 1111.1949647516012 466.88162052631378 88.001758843660355 16.709027990698814
leaf_count=635 1289 366 550 3610 956 253 46
internal_value=0.00447696 0.00255641 -0.00310579 0.00345561 0.00849389 0.0051225 0.0109893
internal_weight=2623.16 1777.12 241.772 1535.34 846.045 362.455 483.591
internal_count=7705 5815 916 4899 1890 888 1002
is_linear=0
shrinkage=0.0126972


Tree=88
num_leaves=8
num_cat=0
split_feature=9 8 44 0 42 18 42
split_gain=144.521 53.8758 41.432 38.4552 37.9874 23.334 11.1271
threshold=-0.036615474274798603 0.010460687071796594 12.399850000000002 -0.088537481203934218 265167.76520000008 1.3617337575717106 1980552.5299000002
decision_type=2 2 2 2 2 2 2
left_child=3 4 -3 6 -2 -5 -1
right_child=1 2 -4 5 -6 -7 -8
leaf_value=0.01368485445045917 0.008580681053156897 -0.0031445554596144908 0.0086627438766140735 0.0084446052954796694 0.0025648356318724577 0.0032038036907776745 0.0042645660295937988
leaf_weight=226.15666525065899 203.48130430281162 377.85242938995361 53.892863288521767 459.16729329526424 1069.1330045908689 207.15398649871349 26.589346915483475
leaf_count=401 523 1747 168 1004 3284 518 60
internal_value=0.00441976 0.00222172 -0.00163618 0.0084803 0.00353867 0.00683531 0.0127476
internal_weight=2623.43 1704.36 431.745 919.067 1272.61 666.321 252.746
internal_count=7705 5722 1915 1983 3807 1522 461
is_linear=0
shrinkage=0.0126972


Tree=89
num_leaves=8
num_cat=0
split_feature=9 18 11 6 0 18 6
split_gain=141.288 46.4266 39.8161 38.4868 37.94 22.7603 10.3841
threshold=-0.036615474274798603 1.2396224690417812 0.062711812485649179 0.021768070074427489 -0.088537481203934218 1.3617337575717106 0.048340166143823242
decision_type=2 2 2 2 2 2 2
left_child=4 3 -3 -2 6 -6 -1
right_child=1 2 -4 -5 5 -7 -8
leaf_value=0.0068470579183989725 -0.0022162606468860433 -0.00041550711387777772 0.011081753331286364 0.0055990670978038866 0.0083412142478873717 0.0031635689834946831 0.013965587336203948
leaf_weight=49.394542559981346 117.07263484597206 859.1897199600935 50.761526420712471 677.77670980989933 458.96589858829975 207.13348326086998 202.46440750360489
leaf_count=105 435 3136 118 2033 1004 518 356
internal_value=0.00436516 0.00219308 0.000222386 0.00443432 0.00838352 0.00675112 0.0126314
internal_weight=2622.76 1704.8 909.951 794.849 917.958 666.099 251.859
internal_count=7705 5722 3254 2468 1983 1522 461
is_linear=0
shrinkage=0.0126972


Tree=90
num_leaves=8
num_cat=0
split_feature=8 6 8 0 43 18 18
split_gain=151.187 52.6241 70.5931 30.8006 30.6109 28.4676 10.1621
threshold=-0.02261057031597968 0.043391352967631365 0.01767314841225132 -0.08489000550554042 990918.08025000012 1.2660267301344839 1.3924886744374898
decision_type=2 2 2 2 2 2 2
left_child=3 2 -2 6 -5 -3 -1
right_child=1 5 -4 4 -6 -7 -8
leaf_value=0.014524708704179766 0.0016584466099824223 0.0088064869918095638 -0.0074131273378727344 0.0078555431776479515 0.00057967222250664098 0.0026240368993683191 0.0092404836172306111
leaf_weight=131.43989054858685 987.35259255766869 216.45229160785675 160.01250287890434 605.039406478405 113.92030465602875 285.09967634081841 150.43590852618217
leaf_count=227 3231 595 831 1333 310 939 304
internal_value=0.00426336 0.00189108 0.000380917 0.0081578 0.00671836 0.0053205 0.0117689
internal_weight=2649.75 1648.92 1147.37 1000.84 718.96 501.552 281.876
internal_count=7770 5596 4062 2174 1643 1534 531
is_linear=0
shrinkage=0.0126972


Tree=91
num_leaves=8
num_cat=0
split_feature=8 42 6 25 42 6 5
split_gain=147.775 69.5711 70.8432 42.2189 30.6349 34.2416 19.9203
threshold=-0.02261057031597968 634893.4459500002 0.050241628878053397 13.871576253943593 983233.71380000014 0.049503618642735947 0.018811461788553332
decision_type=2 2 2 2 2 2 2
left_child=4 3 -3 -2 6 -6 -1
right_child=1 2 -4 -5 5 -7 -8
leaf_value=0.0028642958202129412 0.0048252707050617976 -0.0032226590879015139 0.0061403139678247228 -0.0075248052904009696 -0.0010043614616829038 0.0082637932647575772 0.010075575104674928
leaf_weight=73.198065206408501 872.88891015946865 562.11691097915173 168.46382012963295 45.827453136444092 111.79081347584724 144.7269639223814 669.94492296874523
leaf_count=187 2684 2177 504 231 314 311 1362
internal_value=0.00421086 0.00186671 -0.00104617 0.00419319 0.00806442 0.00419319 0.00938211
internal_weight=2648.96 1649.3 730.581 918.716 999.661 256.518 743.143
internal_count=7770 5596 2681 2915 2174 625 1549
is_linear=0
shrinkage=0.0126972


Tree=92
num_leaves=8
num_cat=0
split_feature=8 42 6 41 42 6 5
split_gain=144.426 67.7336 69.0413 46.9288 29.9477 33.4353 19.4842
threshold=-0.02261057031597968 634893.4459500002 0.050241628878053397 2.5898500000000007 983233.71380000014 0.049503618642735947 0.018811461788553332
decision_type=2 2 2 2 2 2 2
left_child=4 3 -3 -2 6 -6 -1
right_child=1 2 -4 -5 5 -7 -8
leaf_value=0.0028281090461701399 0.0075575537087916207 -0.003185305593935565 0.0060536184773250156 0.0017005115081146003 -0.00099171530793910629 0.0081680163891611809 0.0099624226702138829
leaf_weight=73.201868414878845 380.05854354798794 561.49952015280724 168.71471402049065 539.47558559477329 111.78735482692719 144.57363456487656 668.96489001810551
leaf_count=187 1129 2177 504 1786 314 311 1362
internal_value=0.00415858 0.00184239 -0.00103323 0.00413606 0.00797142 0.00414224 0.00927556
internal_weight=2648.28 1649.75 730.214 919.534 998.528 256.361 742.167
internal_count=7770 5596 2681 2915 2174 625 1549
is_linear=0
shrinkage=0.0126972


Tree=93
num_leaves=8
num_cat=0
split_feature=8 42 5 41 42 7 1
split_gain=141.158 65.9454 60.5374 45.5897 29.4289 34.7055 21.0487
threshold=-0.02261057031597968 634893.4459500002 0.024682829071130667 2.5898500000000007 549210.70155000011 -0.2324444355458655 -0.045517054373142511
decision_type=2 2 2 2 2 2 2
left_child=4 3 -3 -2 6 -6 -1
right_child=1 2 -4 -5 5 -7 -8
leaf_value=0.011140635998605236 0.0074479725656700253 -0.0046308594781973075 0.0026693496944350903 0.0016782306871181805 0.010443493114556437 0.0029858244786609418 0.0043507287486718475
leaf_weight=436.98792810738087 380.75890819728374 370.19337156414986 359.65395946800709 539.70447100698948 153.06924113631248 310.99338582158089 96.32259513437748
leaf_count=854 1129 1485 1196 1786 304 783 233
internal_value=0.00410695 0.00181848 -0.00102044 0.00407961 0.00787968 0.00547897 0.00994024
internal_weight=2647.68 1650.31 729.847 920.463 997.373 464.063 533.311
internal_count=7770 5596 2681 2915 2174 1087 1087
is_linear=0
shrinkage=0.0126972


Tree=94
num_leaves=8
num_cat=0
split_feature=8 42 6 41 0 15 7
split_gain=137.996 64.208 66.4108 44.2927 30.3718 28.7387 8.93047
threshold=-0.02261057031597968 634893.4459500002 0.050241628878053397 2.5898500000000007 -0.08489000550554042 0.86948805761033221 -0.27958195209671172
decision_type=2 2 2 2 2 2 2
left_child=4 3 -3 -2 6 -6 -1
right_child=1 2 -4 -5 5 -7 -8
leaf_value=0.014493580888420229 0.0073403512864968247 -0.0031239604988586131 0.0059319731430748056 0.0016562529736125525 0.0086267053946574874 0.0034248080341960584 0.0093495585179533738
leaf_weight=107.37930312752724 381.44135469198227 560.43461583554745 169.06296768784523 539.92981225252151 402.72174073755741 314.64827010035515 171.4166637212038
leaf_count=186 1129 2177 504 1786 862 781 345
internal_value=0.00405617 0.00179487 -0.00100784 0.00402403 0.00778977 0.0063645 0.0113969
internal_weight=2647.03 1650.87 729.498 921.371 996.166 717.37 278.796
internal_count=7770 5596 2681 2915 2174 1643 531
is_linear=0
shrinkage=0.0126972


Tree=95
num_leaves=8
num_cat=0
split_feature=8 42 6 41 0 32 32
split_gain=134.911 62.5164 64.7242 43.0365 29.9537 36.915 10.9757
threshold=-0.02261057031597968 634893.4459500002 0.050241628878053397 2.5898500000000007 -0.08489000550554042 -8121.8149999999987 -28454.514999999996
decision_type=2 2 2 2 2 2 2
left_child=4 3 -3 -2 6 -6 -1
right_child=1 2 -4 -5 5 -7 -8
leaf_value=0.00047181495730986759 0.0072346402039569109 -0.0030876799146609692 0.0058487367379268761 0.001634573986439922 0.00065543193877773442 0.0077813140074969511 0.011920854262249213
leaf_weight=16.242287710309029 382.1063424050808 559.83191788196564 169.29977887868881 540.15167230367661 152.00686444342136 565.04268999397755 261.63536594808102
leaf_count=40 1129 2177 504 1786 399 1244 491
internal_value=0.00400616 0.00177162 -0.000995365 0.0039693 0.00770121 0.00628684 0.0112908
internal_weight=2646.32 1651.39 729.132 922.258 994.927 717.05 277.878
internal_count=7770 5596 2681 2915 2174 1643 531
is_linear=0
shrinkage=0.0126972


Tree=96
num_leaves=8
num_cat=0
split_feature=8 42 5 25 0 43 7
split_gain=131.887 60.8711 57.4709 40.739 29.5377 28.1683 8.9223
threshold=-0.02261057031597968 634893.4459500002 0.024682829071130667 13.871576253943593 -0.08489000550554042 990918.08025000012 -0.27958195209671172
decision_type=2 2 2 2 2 2 2
left_child=4 3 -3 -2 6 -6 -1
right_child=1 2 -4 -5 5 -7 -8
leaf_value=0.014289745295430856 0.0045347557102514069 -0.0045122834657236712 0.0026055457501771295 -0.0075779617783616436 0.0073041809874393035 0.00032411830238656449 0.0091397586481248641
leaf_weight=106.453547924757 877.14369167387486 368.7578137665987 360.00790336728096 45.980737894773483 602.79689873754978 113.93922440707684 170.50708872079849
leaf_count=186 2684 1485 1196 231 1333 310 345
internal_value=0.00395674 0.0017487 -0.000983039 0.00391542 0.00761349 0.00621002 0.0111853
internal_weight=2645.59 1651.89 728.766 923.124 993.697 716.736 276.961
internal_count=7770 5596 2681 2915 2174 1643 531
is_linear=0
shrinkage=0.0126972


Tree=97
num_leaves=8
num_cat=0
split_feature=8 42 5 41 0 17 19
split_gain=128.952 59.2717 56.0875 41.7418 29.1296 27.3425 10.887
threshold=-0.02261057031597968 634893.4459500002 0.024682829071130667 2.5898500000000007 -0.08489000550554042 -0.13307418155165501 0.0030962423312883456
decision_type=2 2 2 2 2 2 2
left_child=4 3 -3 -2 6 -6 -1
right_child=1 2 -4 -5 5 -7 -8
leaf_value=0.016422009620577369 0.0070732707242177496 -0.0044624489458314652 0.0025706733398018749 0.001563454182219121 0.0083565790258145096 0.0032823131547966258 0.0096436392925530919
leaf_weight=55.592931807041168 383.06531910598278 368.1527701318264 360.2658643424511 540.78474943339825 399.95532505214214 316.41602323949337 220.44061475992203
leaf_count=91 1129 1485 1196 1786 858 785 440
internal_value=0.00390809 0.00172597 -0.000970894 0.00386246 0.00752734 0.00613458 0.0110817
internal_weight=2644.67 1652.27 728.419 923.85 992.405 716.371 276.034
internal_count=7770 5596 2681 2915 2174 1643 531
is_linear=0
shrinkage=0.0126972


Tree=98
num_leaves=8
num_cat=0
split_feature=8 42 4 25 0 43 19
split_gain=126.08 57.7162 45.5464 39.6418 28.7303 27.4855 10.7966
threshold=-0.02261057031597968 634893.4459500002 0.44108262670084802 13.871576253943593 -0.08489000550554042 990918.08025000012 0.0030962423312883456
decision_type=2 2 2 2 2 2 2
left_child=4 3 -3 -2 6 -6 -1
right_child=1 2 -4 -5 5 -7 -8
leaf_value=0.016313808770229154 0.0044195894406457697 -0.0017117336737328466 0.012600405626522653 -0.0075399502562004559 0.0071418867746011108 0.00024698914674292383 0.0095474077428081179
leaf_weight=55.257655590772629 878.79584611952305 691.03475043177605 37.037192165851593 45.883221089839935 602.07038447260857 113.94982346892357 219.84584577381611
leaf_count=91 2684 2600 81 231 1333 310 440
internal_value=0.00386004 0.00170364 -0.000958897 0.00381019 0.00744216 0.00606 0.0109794
internal_weight=2643.87 1652.75 728.072 924.679 991.124 716.02 275.104
internal_count=7770 5596 2681 2915 2174 1643 531
is_linear=0
shrinkage=0.0126972


Tree=99
num_leaves=8
num_cat=0
split_feature=8 42 5 5 20 31 40
split_gain=131.341 51.7267 39.3954 34.7263 25.2791 23.6078 19.1547
threshold=-0.021020677310066901 255107.76000000004 0.038088270245540658 0.01781935138541731 0.74037161298672693 1086.3500000000006 2.9089500000000004
decision_type=2 2 2 2 2 2 2
left_child=3 4 -3 6 -2 -5 -1
right_child=1 2 -4 5 -6 -7 -8
leaf_value=0.0035768643191766286 0.0084345383557463561 -0.00013959132329982089 0.0057985116567012768 0.0087705939317868683 -0.0082713458802228419 0.00088860899914626468 -0.0093844448753481
leaf_weight=64.948935240507126 212.73300388455391 1176.7557131201029 211.39140376448631 877.3306190520525 14.544850066304205 69.133162215352058 24.86576472222805
leaf_count=167 588 4221 634 1853 71 177 83
internal_value=0.00396143 0.00168879 0.000759736 0.00749105 0.00729989 0.0082066 0
internal_weight=2651.7 1615.42 1388.15 1036.28 227.278 946.464 89.8147
internal_count=7794 5514 4855 2280 659 2030 250
is_linear=0
shrinkage=0.0126972


Tree=100
num_leaves=8
num_cat=0
split_feature=8 42 5 5 19 8 40
split_gain=128.349 50.3224 38.3511 33.931 29.4096 20.9059 18.6905
threshold=-0.021020677310066901 255107.76000000004 0.035775602558888127 0.01781935138541731 0.78820351782873466 -0.10087620495771664 2.9089500000000004
decision_type=2 2 2 2 2 2 2
left_child=3 4 -3 6 -2 -5 -1
right_child=1 2 -4 5 -6 -7 -8
leaf_value=0.0035313008297441681 0.0084466552046458584 -0.00028415496937027844 0.005020442849192808 0.013248771122889361 -0.0092749418214954551 0.0073622679339506916 -0.0092748662089634504
leaf_weight=64.960177212953568 212.40313245356083 1116.3263607919216 272.05316756665707 117.30779464542866 15.17126417160034 828.03734555840492 24.848081320524216
leaf_count=167 588 4028 827 213 71 1817 83
internal_value=0.0039121 0.00166673 0.000749898 0.00740418 0.00719719 0.00811226 0
internal_weight=2651.11 1615.95 1388.38 1035.15 227.574 945.345 89.8083
internal_count=7794 5514 4855 2280 659 2030 250
is_linear=0
shrinkage=0.0126972


Tree=101
num_leaves=8
num_cat=0
split_feature=1 42 7 42 6 9 10
split_gain=102.69 58.1762 39.7031 34.4866 34.43 27.2655 17.9846
threshold=-0.04617447790406503 255107.76000000004 -0.076776040803998538 2150454.1142000002 0.049503618642735947 0.021585242102021177 -0.1368433843384981
decision_type=2 2 2 2 2 2 2
left_child=3 5 -3 6 -5 -2 -1
right_child=1 2 -4 4 -6 -7 -8
leaf_value=0.011985607661582322 0.0093973168519940371 0.0022123570550488161 -0.002806771191427439 -0.01124792712255521 0.0057965493361212582 -0.0028704215637135456 0.0071627522850804797
leaf_weight=168.80470658838749 217.01515869796276 1198.6485168635845 320.29195232689381 29.636995896697044 50.812372446060181 32.031361818313599 633.09674383699894
leaf_count=318 552 3927 1234 101 116 144 1402
internal_value=0.00386368 0.00208865 0.00114656 0.0074046 -0.000398452 0.00777545 0.00819974
internal_weight=2650.34 1767.99 1518.94 882.351 80.4494 249.047 801.901
internal_count=7794 5857 5161 1937 217 696 1720
is_linear=0
shrinkage=0.0126972


Tree=102
num_leaves=8
num_cat=0
split_feature=8 8 11 5 5 31 26
split_gain=123.531 49.8779 63.6116 41.5164 33.0352 23.0993 9.60366
threshold=-0.021020677310066901 0.01767314841225132 0.036716495227220099 0.011392357488896153 0.01781935138541731 1086.3500000000006 -136.74999999999997
decision_type=2 2 2 2 2 2 2
left_child=4 3 -3 -2 6 -6 -1
right_child=1 2 -4 -5 5 -7 -8
leaf_value=-0.0042936670445609141 -0.0064464386785159349 -0.0058718247065094277 0.0078489298922895107 0.0032856903615448409 0.008507526494605339 0.00070419081582204766 0.0039479694730594128
leaf_weight=44.207086980342865 73.725024521350861 249.39751783013344 68.521251112222672 1225.4655406326056 873.84540741145611 68.959537237882614 45.591922029852867
leaf_count=136 308 1221 202 3783 1853 177 114
internal_value=0.00381564 0.00161562 -0.00287253 0.0027226 0.00724791 0.00794841 0
internal_weight=2649.71 1617.11 317.919 1299.19 1032.6 942.805 89.799
internal_count=7794 5514 1423 4091 2280 2030 250
is_linear=0
shrinkage=0.0126972


Tree=103
num_leaves=8
num_cat=0
split_feature=8 8 5 5 5 31 26
split_gain=120.703 48.6125 63.0232 40.4987 32.2748 22.5662 9.36638
threshold=-0.021020677310066901 0.01767314841225132 0.036916205525738349 0.011392357488896153 0.01781935138541731 1086.3500000000006 -136.74999999999997
decision_type=2 2 2 2 2 2 2
left_child=4 3 -3 -2 6 -6 -1
right_child=1 2 -4 -5 5 -7 -8
leaf_value=-0.0042415410013006832 -0.0063809607244882886 -0.0067374092865907873 0.0053291375884048694 0.0032415295942033627 0.0084107384540266054 0.00069539575906654748 0.0038982442223836331
leaf_weight=44.190466493368149 73.543849602341652 215.7698141336441 101.53972513973713 1226.3917315453291 872.69329412281513 68.953521326184273 45.595693364739418
leaf_count=136 308 1080 343 3783 1853 177 114
internal_value=0.00376874 0.00159485 -0.00284114 0.00268635 0.00716426 0.00785742 0
internal_weight=2648.68 1617.25 317.31 1299.94 1031.43 941.647 89.7862
internal_count=7794 5514 1423 4091 2280 2030 250
is_linear=0
shrinkage=0.0126972


Tree=104
num_leaves=8
num_cat=0
split_feature=8 42 5 5 19 8 40
split_gain=117.946 47.555 36.6034 31.5328 28.1483 20.9936 18.2274
threshold=-0.021020677310066901 255107.76000000004 0.038088270245540658 0.01781935138541731 0.78820351782873466 -0.10087620495771664 2.9089500000000004
decision_type=2 2 2 2 2 2 2
left_child=3 4 -3 6 -2 -5 -1
right_child=1 2 -4 5 -6 -7 -8
leaf_value=0.0034317136340850001 0.0081595892204317025 -0.00018549350357162194 0.0055288251488080547 0.01294823607084546 -0.0092125319741141881 0.0070194859415610563 -0.0092175937805277046
leaf_weight=64.948189213871956 213.06948061287403 1177.0057439804077 212.23438361287117 115.59005209803581 15.09193307161331 824.88482175767422 24.82455849647522
leaf_count=167 588 4221 634 213 71 1817 83
internal_value=0.00372239 0.0015743 0.000682427 0.00708168 0.0069427 0.00776759 0
internal_weight=2647.65 1617.4 1389.24 1030.25 228.161 940.475 89.7727
internal_count=7794 5514 4855 2280 659 2030 250
is_linear=0
shrinkage=0.0126972


Tree=105
num_leaves=8
num_cat=0
split_feature=8 8 11 6 6 42 22
split_gain=115.305 47.417 61.3943 38.1949 28.3323 39.996 16.8511
threshold=-0.021020677310066901 0.01767314841225132 0.036716495227220099 0.023158666944861604 0.040174065421752496 571842.06260000018 32.016526960347214
decision_type=2 2 2 2 2 2 2
left_child=4 3 -3 -2 5 -1 -6
right_child=1 2 -4 -5 6 -7 -8
leaf_value=0.0075526969775439098 -0.0018713160931728148 -0.0057921914127038151 0.0076820745988060773 0.0036775548317476816 0.010924145260731825 -0.0013304078475332303 0.0067480799215846356
leaf_weight=196.36919398605824 243.53375524282455 248.25189462304115 68.66786453127861 1057.407553806901 283.28764624893665 136.4233530908823 412.83929136395454
leaf_count=430 906 1221 202 3185 552 383 915
internal_value=0.00367646 0.0015538 -0.00283077 0.0026306 0.0070011 0.00388543 0.0084709
internal_weight=2646.78 1617.86 316.92 1300.94 1028.92 332.793 696.127
internal_count=7794 5514 1423 4091 2280 813 1467
is_linear=0
shrinkage=0.0126972


Tree=106
num_leaves=8
num_cat=0
split_feature=1 42 35 42 44 9 0
split_gain=92.6117 55.0311 35.5495 33.7811 29.3319 25.4422 17.7123
threshold=-0.04617447790406503 255107.76000000004 0.0043032048564984491 2150454.1142000002 2.6510500000000006 0.021585242102021177 -0.08489000550554042
decision_type=2 2 2 2 2 2 2
left_child=3 5 -3 6 -5 -2 -1
right_child=1 2 -4 4 -6 -7 -8
leaf_value=0.010948079916211887 0.0090360692305347934 0.0017813153681681142 -0.0040242009145726679 -0.0066486293652981161 0.0091221719835603895 -0.0028232232368390511 0.006572762799801732
leaf_weight=219.81679692864418 217.60350535809994 1326.0052970647812 193.58868154883385 50.831938549876213 29.316932439804077 31.916728749871254 576.42639730870724
leaf_count=427 552 4318 843 156 61 144 1293
internal_value=0.00363168 0.00195034 0.00103361 0.00701005 -0.000726891 0.00747513 0.00780152
internal_weight=2645.51 1769.11 1519.59 876.392 80.1489 249.52 796.243
internal_count=7794 5857 5161 1937 217 696 1720
is_linear=0
shrinkage=0.0126972


Tree=107
num_leaves=8
num_cat=0
split_feature=8 42 8 5 5 31 40
split_gain=110.91 46.111 34.634 31.7866 30.455 22.1182 17.735
threshold=-0.021020677310066901 2066114.7670500001 0.01767314841225132 0.017616860450675422 0.01781935138541731 1086.3500000000006 2.9089500000000004
decision_type=2 2 2 2 2 2 2
left_child=4 2 -2 -3 6 -6 -1
right_child=1 3 -4 -5 5 -7 -8
leaf_value=0.003278033809480497 0.0033388055309403106 -0.011287798285190725 -0.0016653533389012168 -0.00063329687540626559 0.0080799523995403136 0.00043342780145413852 -0.0091972263302113333
leaf_weight=64.950702503323555 1128.3143781721592 65.343657046556473 274.45926830172539 150.3176334053278 867.79764115810394 68.704683631658554 24.809522226452827
leaf_count=167 3449 304 1213 548 1853 177 83
internal_value=0.0035868 0.00150709 0.00235217 -0.00393323 0.00685357 0.0075305 -0.000100445
internal_weight=2644.7 1618.43 1402.77 215.661 1026.26 936.502 89.7602
internal_count=7794 5514 4662 852 2280 2030 250
is_linear=0
shrinkage=0.0126972


Tree=108
num_leaves=8
num_cat=0
split_feature=6 42 1 0 15 15 13
split_gain=103.724 79.855 69.1593 37.3533 36.081 16.1142 7.4158
threshold=0.042664218808477462 1385273.8838500001 0.033607774471060121 -0.1021315192743764 1.1591378308885842 0.8259012507630723 -0.074953979817410019
decision_type=2 2 2 2 2 2 2
left_child=1 2 -1 6 -3 -5 -2
right_child=3 4 -4 5 -6 -7 -8
leaf_value=0.0037625641710701228 0.01633820890446205 -0.0024170979938345281 -0.0063539574918686495 0.0074195470744299781 -0.013937773765213249 0.0040284690613251392 0.0098545474844478845
leaf_weight=1100.0814128816128 50.157981231808662 236.13150805234909 119.6321164816618 393.9581311494112 54.339864268898964 593.31530377268791 126.38837996125221
leaf_count=3178 84 862 592 960 265 1669 253
internal_value=0.00353374 0.00132893 0.00275908 0.00638363 -0.00463413 0.00539599 0.0118084
internal_weight=2674 1510.18 1219.71 1163.82 290.471 987.273 176.546
internal_count=7863 4897 3770 2966 1127 2629 337
is_linear=0
shrinkage=0.0126972


Tree=109
num_leaves=8
num_cat=0
split_feature=8 6 8 5 18 43 28
split_gain=123.187 53.8711 48.4725 38.8002 38.3101 31.6589 4.38919
threshold=-0.0033540172836228339 0.043231767005006687 -0.083542435262481438 0.01495078694028891 2.122752563550462 125216.41660000001 923.79500000000019
decision_type=2 2 2 2 2 2 2
left_child=2 4 6 -4 -2 -3 -1
right_child=1 5 3 -5 -6 -7 -8
leaf_value=0.012899914436663286 -0.0011201953055433936 0.013121885333720875 -0.0013707779537971319 0.0053591393094315001 -0.0098851681162773312 0.0020923376511973067 0.0056941867250582317
leaf_weight=142.50151298940182 500.42847068607807 51.234231039881706 149.58919033408165 1469.5478402078152 96.127379089593887 240.95581749081612 22.745544925332069
leaf_count=265 2025 150 481 3568 481 843 50
internal_value=0.00349012 -0.000361385 0.00541353 0.00473081 -0.00255899 0.00408641 0.011996
internal_weight=2673.13 888.746 1784.38 1619.14 596.556 292.19 165.247
internal_count=7863 3499 4364 4049 2506 993 315
is_linear=0
shrinkage=0.0126972


Tree=110
num_leaves=8
num_cat=0
split_feature=8 6 8 5 8 11 13
split_gain=120.168 52.5205 47.8051 37.8314 37.3404 25.5737 6.51037
threshold=-0.0033540172836228339 0.043231767005006687 -0.083542435262481438 0.01495078694028891 0.020707192494026531 -0.00097564526911475536 -0.074953979817410019
decision_type=2 2 2 2 2 2 2
left_child=2 4 6 -4 -2 -3 -1
right_child=1 5 3 -5 -6 -7 -8
leaf_value=0.016143218026564501 -0.00086264203709091156 -0.00072496639334236038 -0.0013538297444231978 0.0052917557957645571 -0.0086851924301970997 0.0069393703876855237 0.0098749578515792726
leaf_weight=50.062350526452065 470.76432478427887 109.92619121074677 149.54733103513718 1469.3734060376883 125.10161578655243 182.64729382097721 114.40361841022968
leaf_count=85 1830 404 481 3568 676 589 230
internal_value=0.00344763 -0.000356792 0.005348 0.00467131 -0.00252985 0.00403006 0.0119019
internal_weight=2671.83 888.439 1783.39 1618.92 595.866 292.573 164.466
internal_count=7863 3499 4364 4049 2506 993 315
is_linear=0
shrinkage=0.0126972


Tree=111
num_leaves=8
num_cat=0
split_feature=8 6 8 42 43 7 13
split_gain=117.237 51.1902 47.1535 39.2093 30.6483 28.333 6.46651
threshold=-0.0033540172836228339 0.043231767005006687 -0.083542435262481438 1385273.8838500001 125216.41660000001 -0.10967960338087228 -0.074953979817410019
decision_type=2 2 2 2 2 2 2
left_child=2 3 6 -2 -3 -4 -1
right_child=1 4 5 -5 -6 -7 -8
leaf_value=0.01605090442636108 -0.00077838426900328885 0.012835639673596116 0.0057098511665538429 -0.0087581436939950328 0.0020101684745608629 0.001993620990283153 0.0097877946356822957
leaf_weight=49.717004343867302 468.47948817908764 51.524816483259201 1137.4757416397333 126.63238781690598 241.41523796319962 481.21222488582134 113.96561479568481
leaf_count=85 1895 150 2678 611 843 1371 230
internal_value=0.00340568 -0.00035265 0.00528336 -0.00250129 0.0039736 0.0046126 0.0118092
internal_weight=2670.42 888.052 1782.37 595.112 292.94 1618.69 163.683
internal_count=7863 3499 4364 2506 993 4049 315
is_linear=0
shrinkage=0.0126972


Tree=112
num_leaves=8
num_cat=0
split_feature=8 8 4 20 5 7 27
split_gain=114.379 46.5067 46.1118 39.2158 36.609 11.1265 4.43091
threshold=-0.0033540172836228339 -0.083542435262481438 0.35844045597865631 0.8844332996952694 0.01495078694028891 -0.10846280884423577 795.93500000000017
decision_type=2 2 2 2 2 2 2
left_child=1 6 3 -2 -3 -4 -1
right_child=2 4 5 -5 -6 -7 -8
leaf_value=0.012527469825301871 -0.00018129940169804779 -0.001370691957842039 0.014835462518829064 -0.0090226921571872291 0.0051656297236105705 0.0036536184662409239 0.0047089573973798076
leaf_weight=144.2594098597765 732.34849238395691 149.57786455750465 34.731401830911636 90.640132501721382 1468.8312548100948 30.026362419128418 18.639975681900978
leaf_count=273 2873 481 73 471 3568 82 42
internal_value=0.00336444 0.0052198 -0.000348152 -0.00117387 0.00455495 0.00989577 0.0117176
internal_weight=2669.05 1781.31 887.746 822.989 1618.41 64.7578 162.899
internal_count=7863 4364 3499 3344 4049 155 315
is_linear=0
shrinkage=0.0126972


Tree=113
num_leaves=8
num_cat=0
split_feature=6 1 43 3 4 26 1
split_gain=94.0328 70.0031 56.3017 29.0148 23.1874 20.6891 12.9162
threshold=0.042664218808477462 0.038083152042542985 2273106.7886000006 -0.13891953722227982 0.44108262670084802 470.36499999999972 0.020872004325411479
decision_type=2 2 2 2 2 2 2
left_child=1 2 -1 6 -5 -3 -2
right_child=3 5 -4 4 -6 -7 -8
leaf_value=0.0028065810264585743 0.0099400784749710241 -0.011624377008944546 -0.0069738374886542127 0.0040851151479210186 0.011774896306337313 -0.0010767894391084615 -4.7154922227423547e-05
leaf_weight=1274.7094589471817 305.53554275631905 79.890169590711594 101.37234181165695 763.78895680606365 70.492431551218033 51.583947241306305 20.234186351299286
leaf_count=3807 639 434 406 2104 147 250 76
internal_value=0.00332368 0.00122313 0.00207569 0.00604248 0.00475589 -0.00758905 0.00928988
internal_weight=2667.61 1507.56 1376.08 1160.05 834.281 131.474 325.77
internal_count=7863 4897 4213 2966 2251 684 715
is_linear=0
shrinkage=0.0126972


Tree=114
num_leaves=8
num_cat=0
split_feature=0 5 4 0 33 16 44
split_gain=82.7229 74.3384 44.0442 39.4829 37.4068 26.6897 3.18778
threshold=0.015725331157216197 0.016218215907042446 0.44108262670084802 -0.11648039460539465 -3753.184999999999 0.6211657068552302 11.685750000000001
decision_type=2 2 2 2 2 2 2
left_child=1 4 5 -3 -1 -2 -4
right_child=2 3 6 -5 -6 -7 -8
leaf_value=-0.0071935189821130769 0.018766859144079006 0.011732528571307172 0.005842531721601903 0.0047634365339583829 0.0018035756570092144 -0.0031592597196626469 0.014812858916957694
leaf_weight=110.99970676004887 8.3660939335823041 144.28875245153904 17.914477318525314 1715.2579601705074 220.59218546748161 427.74219532310963 21.651855200529099
leaf_count=425 20 280 45 4446 720 1886 41
internal_value=0.00328243 0.00432534 -0.00149967 0.00531365 -0.00118608 -0.00268742 0.0111675
internal_weight=2666.81 2191.14 475.675 1859.55 331.592 436.108 39.5663
internal_count=7863 5871 1992 4726 1145 1906 86
is_linear=0
shrinkage=0.0126972


Tree=115
num_leaves=8
num_cat=0
split_feature=8 6 8 18 43 7 13
split_gain=108.737 48.2256 44.926 36.9442 29.7991 26.7843 6.55083
threshold=-0.0033540172836228339 0.043231767005006687 -0.083542435262481438 2.122752563550462 125216.41660000001 -0.10967960338087228 -0.074953979817410019
decision_type=2 2 2 2 2 2 2
left_child=2 3 6 -2 -3 -4 -1
right_child=1 4 5 -5 -6 -7 -8
leaf_value=0.015778887525146206 -0.0010577862479159449 0.012525594963340306 0.0054722209630720326 -0.009711775397556752 0.0018769743102979718 0.001858899845045125 0.0094497564702558049
leaf_weight=48.650720834732056 498.95934784412384 51.793773666024208 1135.6969731599092 94.937677338719368 241.82440589368343 481.56051033735275 112.21994613111019
leaf_count=85 2025 150 2678 481 843 1371 230
internal_value=0.00324248 -0.000376727 0.00505409 -0.00246756 0.00381395 0.00440378 0.0114838
internal_weight=2665.64 887.515 1778.13 593.897 293.618 1617.26 160.871
internal_count=7863 3499 4364 2506 993 4049 315
is_linear=0
shrinkage=0.0126972


Tree=116
num_leaves=8
num_cat=0
split_feature=6 1 43 7 11 26 41
split_gain=88.9702 66.7703 54.5336 28.1565 22.0416 20.5163 17.4793
threshold=0.042664218808477462 0.038083152042542985 2273106.7886000006 -0.18074715244776343 0.0012279094922954539 470.36499999999972 5.1735500000000014
decision_type=2 2 2 2 2 2 2
left_child=1 2 -1 4 -2 -3 -5
right_child=3 5 -4 6 -6 -7 -8
leaf_value=0.0027088028595897966 0.0061721006907909598 -0.011520847201575422 -0.0069276001806223885 0.0057209935280857927 0.011690451744783307 -0.00098835889809427619 0.0010975841241525654
leaf_weight=1274.8697693645954 435.70165395736694 79.169537380337715 101.12845090031624 311.22160921990871 170.91835686564445 51.370734393596649 239.82919733226299
leaf_count=3807 1040 434 406 808 422 250 696
internal_value=0.0032033 0.00116 0.0019902 0.00585141 0.00775475 -0.0074794 0.00373091
internal_weight=2664.21 1506.54 1376 1157.67 606.62 130.54 551.051
internal_count=7863 4897 4213 2966 1462 684 1504
is_linear=0
shrinkage=0.0126972


Tree=117
num_leaves=8
num_cat=0
split_feature=6 8 5 36 8 18 19
split_gain=97.7396 78.8939 55.1354 34.9282 29.4561 20.6162 10.6803
threshold=0.04504712234359478 0.020707192494026531 0.014676850769813449 0.0058329037497012667 -0.053828270868267407 1.2396224690417812 0.012638262189034593
decision_type=2 2 2 2 2 2 2
left_child=1 2 -1 -3 6 -6 -2
right_child=4 3 -4 -5 5 -7 -8
leaf_value=-0.0030696753614778602 0.014449917166966111 -0.0095453918049180665 0.0033891067157475136 0.010842158685149124 0.0074732959456197748 0.0031077284299051633 0.0083365549931553803
leaf_weight=255.93074104189873 69.566911980509758 132.39242047071457 1221.1979045718908 14.075793966650961 317.42826926708221 417.13764388859272 217.81364257633686
leaf_count=946 126 735 3516 54 783 1203 453
internal_value=0.00331999 0.00137475 0.0022623 -0.00747697 0.00639763 0.00501308 0.00988165
internal_weight=2645.54 1623.6 1477.13 146.468 1021.95 734.566 287.381
internal_count=7816 5251 4462 789 2565 1986 579
is_linear=0
shrinkage=0.0126972


Tree=118
num_leaves=8
num_cat=0
split_feature=6 8 5 36 8 4 19
split_gain=95.4282 77.0981 53.737 34.2075 29.0862 24.7693 10.5944
threshold=0.04504712234359478 0.020707192494026531 0.014676850769813449 0.0058329037497012667 -0.053828270868267407 0.71221409466347441 0.012638262189034593
decision_type=2 2 2 2 2 2 2
left_child=1 2 -1 -3 6 -6 -2
right_child=4 3 -4 -5 5 -7 -8
leaf_value=-0.0030335656851248013 0.01435697333000922 -0.0094755687964859989 0.0033447338639141467 0.010659789769712632 0.0044407438295322506 0.016338174844870646 0.0082533586876722964
leaf_weight=255.69832310080528 69.13532030582428 131.68402826786041 1221.6930342167616 14.145784080028532 705.14965182542801 29.612086936831474 217.226248934865
leaf_count=946 126 735 3516 54 1933 53 453
internal_value=0.00327958 0.0013575 0.00223309 -0.00741357 0.0063222 0.0049484 0.00979219
internal_weight=2644.34 1623.22 1477.39 145.83 1021.12 734.762 286.362
internal_count=7816 5251 4462 789 2565 1986 579
is_linear=0
shrinkage=0.0126972


Tree=119
num_leaves=8
num_cat=0
split_feature=6 42 19 25 4 1 31
split_gain=93.2207 68.459 38.5818 37.0527 25.8162 33.2505 5.84004
threshold=0.039846910600679415 654357.8065500001 0.24588226175250927 5.3071888667123313 0.49697660314125652 -0.035168833592120356 -36679.229999999989
decision_type=2 2 2 2 2 2 2
left_child=1 2 -1 -3 5 -2 -6
right_child=4 3 -4 -5 6 -7 -8
leaf_value=0.0060545159868472132 0.0070987423801778284 -0.00098757694603816121 0.00046998818056123877 -0.0094905256888206668 0.0040436583402065334 0.0028829397931104898 0.015505347752525144
leaf_weight=391.22063057124615 688.60987688601017 423.04984858632088 415.09214603900909 103.22981624305248 11.918955266475676 558.06032429635525 51.990969344973564
leaf_count=969 1513 1421 1467 529 28 1793 96
internal_value=0.00323967 0.000865149 0.00319491 -0.00268457 0.00564467 0.00522225 0.0135886
internal_weight=2643.17 1332.59 806.313 526.28 1310.58 1246.67 63.9099
internal_count=7816 4386 2436 1950 3430 3306 124
is_linear=0
shrinkage=0.0126972


Tree=120
num_leaves=8
num_cat=0
split_feature=8 5 8 8 5 43 16
split_gain=85.3816 41.6413 47.0332 30.2439 22.537 20.6275 1.87164
threshold=-0.013291836518430187 0.014551387868722917 0.019097526624157205 -0.10087620495771664 0.012202222786006463 1915020.9535000003 1.2040595269294232
decision_type=2 2 2 2 2 2 2
left_child=3 5 -3 6 -5 -2 -1
right_child=1 2 -4 4 -6 -7 -8
leaf_value=0.012953353738998799 -0.0026291487978874471 0.0033208011411795923 -0.0026223471763606051 -0.0073584571239363825 0.0051448471002622665 -0.014082289887623873 0.0068024496289696978
leaf_weight=88.809744819998741 155.60560245811939 859.38625490665436 283.66339206695557 22.486243888735771 1181.2014932185411 30.762529581785202 20.057700112462044
leaf_count=170 611 2698 1278 79 2776 160 44
internal_value=0.00320022 0.000922185 0.0018364 0.00549815 0.00489891 -0.00461731 0.011961
internal_weight=2641.97 1329.42 1143.05 1312.56 1203.69 186.368 108.867
internal_count=7816 4747 3976 3069 2855 771 214
is_linear=0
shrinkage=0.0126972


Tree=121
num_leaves=8
num_cat=0
split_feature=8 42 4 0 31 19 39
split_gain=83.3983 40.3588 36.3544 31.59 27.3012 9.23264 3.26879
threshold=-0.013291836518430187 8632923.2561500017 0.44108262670084802 -0.088537481203934218 469.50000000000006 0.0030962423312883456 37.960850000000008
decision_type=2 2 2 2 2 2 2
left_child=3 2 -2 5 -5 -1 -3
right_child=1 6 -4 4 -6 -7 -8
leaf_value=0.014987995052928105 0.00081772076644818982 -0.016467380080723907 0.011728663149354918 0.0051390520195041854 -0.0016523437709205361 0.0082280241533437756 -0.0050196340421947653
leaf_weight=46.743865251541138 1248.2828384488821 20.796880111098293 50.826498374342918 966.4705218821764 103.14812123775482 194.95717673003674 9.5340503305196744
leaf_count=85 4489 109 107 2282 291 411 42
internal_value=0.003161 0.000910037 0.0012582 0.00543372 0.00447404 0.00961484 -0.0133814
internal_weight=2640.76 1329.44 1299.11 1311.32 1069.62 241.701 30.3309
internal_count=7816 4747 4596 3069 2573 496 151
is_linear=0
shrinkage=0.0126972


Tree=122
num_leaves=8
num_cat=0
split_feature=9 35 41 4 0 16 19
split_gain=70.4513 42.7243 30.4667 26.0271 18.1082 10.63 8.46334
threshold=-0.050261006686239222 0.0040270993258208774 5.231650000000001 0.44108262670084802 -0.088537481203934218 1.0764520733801823 0.0030962423312883456
decision_type=2 2 2 2 2 2 2
left_child=4 2 -2 -3 6 -6 -1
right_child=1 3 -4 -5 5 -7 -8
leaf_value=0.014904512287497219 0.0037703439758188049 -0.0041789898349810072 0.00018243035042831004 0.014223542615751598 0.0060933193275610848 0.0006009192671147768 0.0082998631222509466
leaf_weight=46.4146808385849 1193.8464204221964 221.75309731066227 569.67382201552391 12.264946132898329 345.03236153721809 73.182575657963753 177.45666337013245
leaf_count=85 3595 990 1799 24 765 184 374
internal_value=0.00312233 0.00193792 0.00261758 -0.00313364 0.00678545 0.0051589 0.00975454
internal_weight=2639.62 1997.54 1763.52 234.018 642.086 418.215 223.871
internal_count=7816 6408 5394 1014 1408 949 459
is_linear=0
shrinkage=0.0126972


Tree=123
num_leaves=8
num_cat=0
split_feature=6 8 5 36 8 4 19
split_gain=88.9773 72.6938 50.18 33.5043 27.4344 23.4885 10.5289
threshold=0.04504712234359478 0.020707192494026531 0.014676850769813449 0.0058329037497012667 -0.053828270868267407 0.71221409466347441 0.012638262189034593
decision_type=2 2 2 2 2 2 2
left_child=1 2 -1 -3 6 -6 -2
right_child=4 3 -4 -5 5 -7 -8
leaf_value=-0.0030175074751458818 0.014033229866452114 -0.0093782487874016721 0.0031506528140276689 0.010532473087176919 0.0042082804797662684 0.015794546852156619 0.0079002242135695969
leaf_weight=255.21816943585873 67.491300195455551 130.64397263526917 1222.1065558344126 14.182228997349737 704.99182377755642 29.605139717459679 214.55257035791874
leaf_count=946 126 735 3516 54 1933 53 453
internal_value=0.00308406 0.00122946 0.00207732 -0.00731947 0.00603054 0.00470291 0.00943331
internal_weight=2638.79 1622.15 1477.32 144.826 1016.64 734.597 282.044
internal_count=7816 5251 4462 789 2565 1986 579
is_linear=0
shrinkage=0.0126972


Tree=124
num_leaves=8
num_cat=0
split_feature=6 32 41 8 27 8 29
split_gain=86.9318 61.0322 49.0812 38.3432 26.3466 20.9844 13.833
threshold=0.039846910600679415 396.66000000000003 6.6677500000000007 0.019097526624157205 838.25000000000011 -0.11531648628611767 -144.73999999999992
decision_type=2 2 2 2 2 2 2
left_child=1 2 -1 5 -5 -2 -3
right_child=3 6 -4 4 -6 -7 -8
leaf_value=0.0030494696403301734 0.01272616769396143 -0.009182934859089156 -0.0040519392719132611 -0.0045245623560279131 0.0052183158181719064 0.0057469395007277079 -0.0021856847601488781
leaf_weight=953.30982150137424 77.303631395101547 98.365954965353012 186.11256098747253 97.477377101778984 81.538694202899933 1049.4010935127735 94.027108043432236
leaf_count=2843 151 464 638 431 275 2573 441
internal_value=0.00304664 0.000754618 0.00187895 0.00537512 -2.75536e-05 0.00624202 -0.00583507
internal_weight=2637.54 1331.82 1139.42 1305.72 179.016 1126.7 192.393
internal_count=7816 4386 3481 3430 706 2724 905
is_linear=0
shrinkage=0.0126972


Tree=125
num_leaves=8
num_cat=0
split_feature=8 5 8 42 0 32 7
split_gain=77.9846 39.4263 44.1315 32.7781 29.8314 24.9548 8.46138
threshold=-0.013291836518430187 0.014551387868722917 0.019097526624157205 1888768.3984000003 -0.088537481203934218 -8121.8149999999987 -0.27958195209671172
decision_type=2 2 2 2 2 2 2
left_child=4 3 -3 -2 6 -6 -1
right_child=1 2 -4 -5 5 -7 -8
leaf_value=0.012536212757399467 -0.0017011568185108805 0.0031564850125840559 -0.0026051842234742209 -0.014805874865912264 0.00036370782660670871 0.0052589099450757303 0.007202976678674161
leaf_weight=90.972796201705933 146.64842633903027 861.68121734261513 282.78098459541798 39.215038061141968 214.75658628344536 853.1380018889904 147.28277856111526
leaf_count=178 567 2698 1278 204 569 2004 318
internal_value=0.00300914 0.000835508 0.00172332 -0.00456349 0.00521369 0.0042848 0.00931109
internal_weight=2636.48 1330.33 1144.46 185.863 1306.15 1067.89 238.256
internal_count=7816 4747 3976 771 3069 2573 496
is_linear=0
shrinkage=0.0126972


Tree=126
num_leaves=8
num_cat=0
split_feature=8 42 7 21 18 44 23
split_gain=79.5384 44.8406 39.7014 35.1284 34.098 20.4866 10.0539
threshold=-0.0017577825676415857 429289.9285000001 -0.22068873661718777 0.047030657839170285 1.2125434377122868 10.734950000000001 80.429065818918673
decision_type=2 2 2 2 2 2 2
left_child=1 5 -3 4 -2 -1 -5
right_child=3 2 -4 6 -6 -7 -8
leaf_value=0.006853151006921139 0.0015356737143496348 0.006575377050986474 0.00090225071157444927 0.0025272829659311494 -0.0039119828541135573 -0.0052147986138568903 0.012668924512463337
leaf_weight=687.80341935157776 318.63984225690365 265.98753897845745 806.59313517808914 34.773639589548111 434.66900530457497 22.027727872133255 34.523690313100815
leaf_count=1567 1168 603 2265 99 1958 64 73
internal_value=0.00246948 0.00397721 0.00232178 -0.000785736 -0.00159493 0.00645985 0.00779728
internal_weight=2605.02 1782.41 1072.58 822.606 753.309 709.831 69.2973
internal_count=7797 4499 2868 3298 3126 1631 172
is_linear=0
shrinkage=0.0126972


Tree=127
num_leaves=8
num_cat=0
split_feature=18 41 6 6 41 0 0
split_gain=62.916 45.4029 40.6808 34.8092 34.2328 31.2331 18.0885
threshold=1.2660267301344839 4.9755000000000011 0.042468099632733784 0.05758539887654171 4.8687000000000014 0.012424000181977203 -0.08489000550554042
decision_type=2 2 2 2 2 2 2
left_child=2 5 4 -3 -1 -2 -4
right_child=1 3 6 -5 -6 -7 -8
leaf_value=0.0042381045203103178 0.0035562967661669203 -0.0052232983457030212 0.012587181381439312 0.0022641036095498884 -0.0015300516342335929 -0.0022366852542135295 0.0060566125776383524
leaf_weight=579.16548389196396 638.80852299928665 307.13360641896725 86.916231915354729 145.67248766124249 228.84977643191814 193.27978098392487 423.79761366546154
leaf_count=1681 1766 1134 167 390 740 863 1056
internal_value=0.00243965 0.000430805 0.00438807 -0.00279239 0.00259197 0.0021978 0.00720281
internal_weight=2603.62 1284.89 1318.73 452.806 808.015 832.088 510.714
internal_count=7797 4153 3644 1524 2421 2629 1223
is_linear=0
shrinkage=0.0126972


Tree=128
num_leaves=8
num_cat=0
split_feature=8 42 7 11 18 44 15
split_gain=76.6769 43.7758 38.4917 36.1446 39.8229 20.0255 15.7317
threshold=-0.0017577825676415857 429289.9285000001 -0.22068873661718777 0.0415697779552845 1.2125434377122868 10.734950000000001 1.2910064728181621
decision_type=2 2 2 2 2 2 2
left_child=1 5 -3 4 -2 -1 -5
right_child=3 2 -4 6 -6 -7 -8
leaf_value=0.0067351210607441668 0.0017033608619151093 0.0064497459613091996 0.00085825743180415349 0.015587307945532735 -0.0041844724242717157 -0.0051953521332688138 0.0029299066033142067
leaf_weight=686.85802194476128 323.85644662380219 265.29769213497639 806.56744684278965 25.99983412027359 425.8384892642498 22.024852260947227 46.486870616674423
leaf_count=1567 1177 603 2265 61 1919 64 141
internal_value=0.00240944 0.00389074 0.00225481 -0.000787137 -0.00162826 0.00634562 0.00770919
internal_weight=2602.93 1780.75 1071.87 822.182 749.695 708.883 72.4867
internal_count=7797 4499 2868 3298 3096 1631 202
is_linear=0
shrinkage=0.0126972


Tree=129
num_leaves=8
num_cat=0
split_feature=8 0 21 18 18 18 13
split_gain=74.7629 36.1289 33.8635 32.5946 29.6504 12.23 11.8786
threshold=-0.0017577825676415857 -0.088537481203934218 0.047030657839170285 2.0891734353898461 1.2568733335991811 1.3095091681595794 0.094075133986686446
decision_type=2 2 2 2 2 2 2
left_child=1 5 3 -2 -3 -1 -4
right_child=2 4 6 -5 -6 -7 -8
leaf_value=0.012153712073571042 -0.00030091127439696138 0.0047303374516994004 0.017312272941989941 -0.007139439508501641 0.001181739351145286 0.0058559520387178546 0.0044154662497348151
leaf_weight=96.127763479948044 614.45599003136158 856.08081875741482 15.856410339474676 137.88341845571995 699.13326492905617 128.56134101748466 53.482453018426895
leaf_count=188 2453 2116 32 673 1904 291 140
internal_value=0.00238031 0.0038433 -0.000777023 -0.0015729 0.0031428 0.00862327 0.00764634
internal_weight=2601.58 1779.9 821.678 752.339 1555.21 224.689 69.3389
internal_count=7797 4499 3298 3126 4020 479 172
is_linear=0
shrinkage=0.0126972


Tree=130
num_leaves=8
num_cat=0
split_feature=18 6 6 34 0 33 0
split_gain=59.3463 39.402 36.4164 35.764 27.5376 25.7479 17.6283
threshold=1.2660267301344839 0.042468099632733784 0.032572130202303991 596.3250000000005 0.011772697003693768 -10321.894999999999 -0.08489000550554042
decision_type=2 2 2 2 2 2 2
left_child=1 5 3 -2 -4 -1 -3
right_child=2 6 4 -5 -6 -7 -8
leaf_value=-0.0030571863547205931 -0.001183950405190414 0.012375395989476569 0.003094836239146232 -0.011987022789235833 -0.0018975757537756986 0.0034034218118156089 0.0058937767829934659
leaf_weight=113.88290917873383 313.16369651257992 85.778675273060799 671.5575824379921 58.752910286188126 239.15942507982254 694.46946507692337 423.41088199615479
leaf_count=375 1139 167 1757 287 970 2046 1056
internal_value=0.00235164 0.00424439 0.000398273 -0.00293615 0.00177225 0.00247894 0.00702032
internal_weight=2600.18 1317.54 1282.63 371.917 910.717 808.352 509.19
internal_count=7797 3644 4153 1426 2727 2421 1223
is_linear=0
shrinkage=0.0126972


Tree=131
num_leaves=8
num_cat=0
split_feature=8 42 7 21 18 44 13
split_gain=71.9688 42.64 37.0112 33.0806 31.5696 19.5926 11.515
threshold=-0.0017577825676415857 429289.9285000001 -0.22068873661718777 0.047030657839170285 2.0891734353898461 10.734950000000001 0.094075133986686446
decision_type=2 2 2 2 2 2 2
left_child=1 5 -3 4 -2 -1 -5
right_child=3 2 -4 6 -6 -7 -8
leaf_value=0.0065709230030353005 -0.00031344349541658113 0.0062675681347403728 0.00077646511610158424 0.017050892352358196 -0.0070564813726874415 -0.005236515918434304 0.0043578202038804647
leaf_weight=685.34740544855595 614.58561024069786 264.221161916852 806.39951720833778 15.900423675775526 137.25602635741234 21.998026937246323 53.502433821558952
leaf_count=1567 2453 603 2265 32 673 64 140
internal_value=0.00232261 0.0037591 0.00214415 -0.000775524 -0.00156308 0.00618482 0.00754512
internal_weight=2599.21 1777.97 1070.62 821.244 751.842 707.345 69.4029
internal_count=7797 4499 2868 3298 3126 1631 172
is_linear=0
shrinkage=0.0126972


Tree=132
num_leaves=8
num_cat=0
split_feature=8 11 0 18 18 3 43
split_gain=70.1931 45.2197 38.1855 33.1527 27.6503 13.8414 9.9704
threshold=0.00354997295723869 0.0415697779552845 -0.088537481203934218 1.2396224690417812 2.0684966700595835 -0.051424373863159394 269257.07200000004
decision_type=2 2 2 2 2 2 2
left_child=2 4 5 -4 -2 -1 -3
right_child=1 6 3 -5 -6 -7 -8
leaf_value=0.01006946388738025 -0.0011751388345669354 0.00015810504943193982 0.0044427795128189436 0.00090910924670031291 -0.0083230941078641148 0.0019253506473313152 0.011240741426659375
leaf_weight=176.80522026121616 452.49777099490166 20.296277672052383 946.95469057559967 796.87237639725208 109.09123834967613 45.959822401404381 49.379944831132889
leaf_count=368 1905 65 2417 2239 565 111 127
internal_value=0.00229445 -0.0013768 0.00347811 0.00283478 -0.00258991 0.00844533 0.00818862
internal_weight=2597.86 631.265 1966.59 1743.83 561.589 222.765 69.6762
internal_count=7797 2662 5135 4656 2470 479 192
is_linear=0
shrinkage=0.0126972


Tree=133
num_leaves=7
num_cat=0
split_feature=0 41 6 0 34 35
split_gain=55.9142 43.7462 65.7435 38.565 14.7899 8.86616
threshold=-0.08489000550554042 4.9755000000000011 0.036641974042077662 0.013317128235154964 325.4250000000003 -0.021711905618204654
decision_type=2 2 2 2 2 2
left_child=4 3 -3 -2 5 -1
right_child=1 2 -4 -5 -6 -7
leaf_value=0 0.0039568457405486247 -0.0055464407087480946 0.0019351772126471156 -0.0010525172930243311 -0.0012252782204143586 0.0098671338839789891
leaf_weight=14.157295286655424 1221.9683302938938 289.87784390151501 541.07817286252975 306.69838500022888 22.481636464595795 200.2102846801281
leaf_count=37 3338 1072 1568 1306 60 416
internal_value=0.00226674 0.00166972 -0.000664944 0.00294516 0.00815051 0.00918167
internal_weight=2596.47 2359.62 830.956 1528.67 236.849 214.368
internal_count=7797 7284 2640 4644 513 453
is_linear=0
shrinkage=0.0126972


Tree=134
num_leaves=8
num_cat=0
split_feature=9 11 6 41 4 42 41
split_gain=58.1351 48.7279 43.5457 45.5872 24.5764 23.9917 19.1432
threshold=0.0031726612690476945 0.0018038104023780923 0.033450623758523389 5.2823000000000002 0.44108262670084802 258002.68480000002 0.93745000000000012
decision_type=2 2 2 2 2 2 2
left_child=2 6 3 -1 -3 -4 -2
right_child=1 4 5 -5 -6 -7 -8
leaf_value=0.0025986121041426144 0.0033725971814352346 0 0.0090029757884700166 -0.0054639183750751557 0.0096362260857408028 0.0040393423375337245 -0.0096901386592271495
leaf_weight=478.69318743050098 19.84024304151535 555.36881700158119 190.47038297355175 146.93187880516052 45.739446252584457 1044.148178935051 114.35682445764542
leaf_count=1378 85 2157 413 486 98 2609 571
internal_value=0.0022387 -0.000772065 0.00343408 0.000685093 0.000759333 0.00481776 -0.00767662
internal_weight=2595.55 735.305 1860.24 625.625 601.108 1234.62 134.197
internal_count=7797 2911 4886 1864 2255 3022 656
is_linear=0
shrinkage=0.0126972


Tree=135
num_leaves=8
num_cat=0
split_feature=8 8 4 41 42 6 19
split_gain=86.407 46.0571 44.9388 33.7603 18.0247 8.71724 5.49735
threshold=0.0044370580126493761 -0.083542435262481438 0.2938565198754442 5.3283500000000013 5688398.2830000008 0.056133772076515411 0.0030962423312883456
decision_type=2 2 2 2 2 2 2
left_child=1 6 4 -3 -2 -4 -1
right_child=2 3 5 -5 -6 -7 -8
leaf_value=0.014921909312496271 -0.0024670954177535283 0.0044526683311168422 0.0010132056222184231 0.00076216516305873186 -0.015406236923388043 0.010556652878227756 0.008740484203562042
leaf_weight=41.210567429661751 513.80345551669598 1257.701330319047 26.037608981132507 596.56627698242664 17.711920291185379 49.789795979857445 113.61605979502201
leaf_count=79 2290 3262 81 1635 103 116 245
internal_value=0.00256764 0.00383751 -0.00161601 0.0032715 -0.00293609 0.00744952 0.0105079
internal_weight=2616.44 2009.09 607.343 1854.27 531.515 75.8274 154.827
internal_count=7811 5221 2590 4897 2393 197 324
is_linear=0
shrinkage=0.0126972


Tree=136
num_leaves=8
num_cat=0
split_feature=6 40 1 6 1 33 44
split_gain=70.3944 59.0247 42.5448 28.4548 23.3168 14.7374 3.82806
threshold=0.050951157385146918 4.8724500000000015 0.023331808478194497 0.028942540707499572 -0.10981732551349425 -26427.564999999991 5.2816500000000008
decision_type=2 2 2 2 2 2 2
left_child=1 2 -1 -3 6 -6 -2
right_child=4 3 -4 -5 5 -7 -8
leaf_value=0.003045664973519404 0.0109068548319077 -0.013496847647888994 -0.0027074250180997442 -0.0023259095041547177 -0.0016090890355790963 0.0051818190182827432 0.0060128785950522524
leaf_weight=1354.5083744227886 141.43580305576324 43.977982342243195 242.26177141070366 234.57296897470951 54.74287137389183 494.96010294556618 48.599516913294792
leaf_count=3839 288 192 1135 797 157 1293 110
internal_value=0.00253661 0.00122047 0.0021657 -0.00415392 0.00585538 0.00448599 0.00973383
internal_weight=2615.06 1875.32 1596.77 278.551 739.738 549.703 190.035
internal_count=7811 5963 4974 989 1848 1450 398
is_linear=0
shrinkage=0.0126972


Tree=137
num_leaves=8
num_cat=0
split_feature=0 41 5 5 5 24 18
split_gain=67.6484 46.7746 42.7433 36.8652 31.4686 21.1275 16.5237
threshold=0.015725331157216197 4.9187500000000011 0.037349485584638957 0.022551104976055298 0.044851147522908932 53.604895446477649 2.2857327381169936
decision_type=2 2 2 2 2 2 2
left_child=1 3 -3 -1 6 -6 -2
right_child=4 2 -4 -5 5 -7 -8
leaf_value=0.0025032645020980617 -0.0019800680581702206 -0.0011103894194811877 0.0054567063378099714 0.0066918007117451493 -0.0018965958775522499 0.011283630702301357 -0.0086054078638969651
leaf_weight=621.88203074038029 314.70265783369541 520.63816478848457 228.89729323983192 774.393908187747 32.865547731518745 43.5877955108881 77.096138820052147
leaf_count=1849 1387 1560 541 1855 118 112 389
internal_value=0.00250533 0.00346097 0.000884667 0.00483563 -0.00185109 0.00551895 -0.003322
internal_weight=2614.06 2145.81 749.535 1396.28 468.252 76.4533 391.799
internal_count=7811 5805 2101 3704 2006 230 1776
is_linear=0
shrinkage=0.0126972


Tree=138
num_leaves=8
num_cat=0
split_feature=8 8 4 6 11 7 19
split_gain=81.8826 44.7691 43.1616 32.4324 19.0077 17.0313 5.56497
threshold=0.0044370580126493761 -0.083542435262481438 0.2938565198754442 0.016226172902515438 0.006572085832183606 -0.11390720892475802 0.0030962423312883456
decision_type=2 2 2 2 2 2 2
left_child=1 6 4 -3 -2 -4 -1
right_child=2 3 5 -5 -6 -7 -8
leaf_value=0.014788545784853908 -0.0049860783615839873 -0.0091029110538809431 0.012509378830690664 0.0033876069940126634 -8.7935675562986063e-05 0.00010173577968091818 0.0085516231537533707
leaf_weight=40.584324464201927 301.99194894731045 33.094470977783203 42.781936034560204 1820.5939576625824 228.44094356894493 33.111231848597527 112.4408358335495
leaf_count=79 1363 141 96 4756 1030 101 245
internal_value=0.00247448 0.00371122 -0.00160156 0.00315595 -0.00289844 0.0072765 0.0103287
internal_weight=2613.04 2006.71 606.326 1853.69 530.433 75.8932 153.025
internal_count=7811 5221 2590 4897 2393 197 324
is_linear=0
shrinkage=0.0126972


Tree=139
num_leaves=8
num_cat=0
split_feature=8 8 21 41 42 6 14
split_gain=79.8453 44.1023 38.859 31.894 21.2184 15.7645 4.34036
threshold=0.0044370580126493761 -0.083542435262481438 0.035238225935352772 5.3283500000000013 4646677.651300001 0.052500249053596341 0.052846292245259587
decision_type=2 2 2 2 2 2 2
left_child=1 6 4 -3 -2 -4 -1
right_child=2 3 5 -5 -6 -7 -8
leaf_value=0.0079847286491798435 -0.0024310888588662378 0.0042639152555738417 -0.00092868342362376532 0.00067581848022963298 -0.01552861386597937 0.0095015204180780126 0.013087370290810325
leaf_weight=88.003375172615051 488.32211048901081 1257.397709518671 34.23459704220295 596.16115844249725 20.543581053614616 62.593179941177368 64.244386211037636
leaf_count=196 2191 3262 124 1635 120 155 128
internal_value=0.00244464 0.00366592 -0.0015826 0.003116 -0.00299938 0.00572873 0.0102519
internal_weight=2611.5 2005.81 605.693 1853.56 508.866 96.8278 152.248
internal_count=7811 5221 2590 4897 2311 279 324
is_linear=0
shrinkage=0.0126972


Tree=140
num_leaves=8
num_cat=0
split_feature=8 8 21 5 30 44 14
split_gain=77.8745 43.4393 37.8979 29.575 15.9441 11.4693 4.30203
threshold=0.0044370580126493761 -0.083542435262481438 0.035238225935352772 0.010580165275428531 -4095.5749999999994 5.2816500000000008 0.052846292245259587
decision_type=2 2 2 2 2 2 2
left_child=1 6 4 -3 -2 -4 -1
right_child=2 3 5 -5 -6 -7 -8
leaf_value=0.0079148497401026422 -0.0079010610999438822 -0.006974679735029043 0.00031648814738373442 0.0033334257897201869 -0.0018988556864472966 0.0093972393805503828 0.013008230034273028
leaf_weight=87.66116002202034 87.905288398265839 44.792151764035225 41.378174394369125 1808.8133811205626 420.23610852658749 55.512065201997757 63.821311831474304
leaf_count=196 413 180 141 4717 1898 138 128
internal_value=0.00241498 0.00362099 -0.00156461 0.00307645 -0.00296612 0.00565175 0.010175
internal_weight=2610.12 2005.09 605.032 1853.61 508.141 96.8902 151.482
internal_count=7811 5221 2590 4897 2311 279 324
is_linear=0
shrinkage=0.0126972


Tree=141
num_leaves=8
num_cat=0
split_feature=8 8 4 31 11 18 41
split_gain=75.9403 42.783 40.5367 36.2707 18.461 8.55022 3.4723
threshold=0.0044370580126493761 -0.083542435262481438 0.2938565198754442 3422.2750000000001 0.006572085832183606 2.3910868077228464 4.4667500000000002
decision_type=2 2 2 2 2 2 2
left_child=1 6 4 -3 -2 -4 -1
right_child=2 3 5 -5 -6 -7 -8
leaf_value=0.011982956655063395 -0.0048721548909353958 0.0033665705538791666 0.0096247896792432987 -0.0065768443636104439 -3.7035622700648254e-05 0 0.0072497886131798837
leaf_weight=87.290743812918663 300.50228027999401 1793.5619761794806 55.327013954520226 59.892193108797073 227.9317239522934 20.644228592514992 63.4300776720047
leaf_count=180 1363 4699 137 198 1030 60 144
internal_value=0.00238584 0.00357681 -0.00154617 0.00303754 -0.00280843 0.00704956 0.0100987
internal_weight=2608.58 2004.17 604.405 1853.45 528.434 75.9712 150.721
internal_count=7811 5221 2590 4897 2393 197 324
is_linear=0
shrinkage=0.0126972


Tree=142
num_leaves=8
num_cat=0
split_feature=6 40 32 6 0 4 7
split_gain=65.4689 56.5973 53.7807 30.3231 23.8563 15.4905 14.5204
threshold=0.050951157385146918 4.7862000000000009 518.7700000000001 0.028942540707499572 -0.075467759075794491 0.71221409466347441 -0.16408652797365011
decision_type=2 2 2 2 2 2 2
left_child=1 2 -1 -3 6 -6 -2
right_child=4 3 -4 -5 5 -7 -8
leaf_value=0.0029190488329628632 0.010552840282075648 -0.013591982681853828 -0.0041637175677089544 -0.0022251581213935238 0.0034901909986791301 0.0134788455175998 0.0011576313848138725
leaf_weight=1388.0081102699041 183.37644682824612 45.114856705069542 195.73839843273163 243.57178518176079 490.53181405365467 26.73899519443512 34.088810175657272
leaf_count=4049 382 199 889 826 1332 50 84
internal_value=0.00235691 0.00108894 0.00203589 -0.00406379 0.00557055 0.00404279 0.0091346
internal_weight=2607.17 1872.43 1583.75 288.687 734.736 517.271 217.465
internal_count=7811 5963 4938 1025 1848 1382 466
is_linear=0
shrinkage=0.0126972


Tree=143
num_leaves=8
num_cat=0
split_feature=8 8 21 6 42 6 14
split_gain=73.4091 41.5263 35.8431 31.2441 20.9001 14.8669 4.33741
threshold=0.0044370580126493761 -0.083542435262481438 0.035238225935352772 0.016226172902515438 4646677.651300001 0.052500249053596341 0.056797988823480534
decision_type=2 2 2 2 2 2 2
left_child=1 6 4 -3 -2 -4 -1
right_child=2 3 5 -5 -6 -7 -8
leaf_value=0.0078666166738821167 -0.0023442960690407827 -0.0090723161938514301 -0.00098853392698018791 0.0031978097833336009 -0.015425243464987777 0.0091305499680010265 0.013083569639267658
leaf_weight=92.800526395440102 486.54475055634975 33.041660070419312 34.244562953710556 1819.9433709681034 20.262427270412445 62.742874652147293 56.496519267559052
leaf_count=210 2191 141 124 4756 120 155 114
internal_value=0.00232805 0.00349957 -0.0015397 0.00297036 -0.00290684 0.00547156 0.0099578
internal_weight=2606.08 2002.28 603.795 1852.99 506.807 96.9874 149.297
internal_count=7811 5221 2590 4897 2311 279 324
is_linear=0
shrinkage=0.0126972


Tree=144
num_leaves=8
num_cat=0
split_feature=8 43 41 2 36 25 6
split_gain=68.5682 54.074 48.3017 36.7268 21.3387 18.1917 16.3981
threshold=0.01767314841225132 7260179.8444500016 1.7480000000000002 0.125045720555962 0.003030427506453381 7.8675306238876681 0.048557411078471238
decision_type=2 2 2 2 2 2 2
left_child=1 2 -1 4 -2 -5 -3
right_child=3 6 -4 5 -6 -7 -8
leaf_value=0.0063382452307813742 -0.0082560250883770211 -0.017291008631043464 0.0021522418832694468 -0.00095390159655624434 0.0025889352014385712 0.010479894232029573 8.5636720093398299e-05
leaf_weight=617.91205656528473 170.95269750058651 26.207254022359848 1632.4596321880817 60.561846524477005 33.328294083476067 33.673197239637375 11.277683585882185
leaf_count=1628 914 123 4566 214 160 106 30
internal_value=0.00230172 0.0030509 0.00330768 -0.00340017 -0.00643456 0.00306992 -0.0118874
internal_weight=2586.37 2287.86 2250.37 298.516 204.281 94.235 37.4849
internal_count=7741 6347 6194 1394 1074 320 153
is_linear=0
shrinkage=0.0126972


Tree=145
num_leaves=8
num_cat=0
split_feature=8 42 5 2 24 41 19
split_gain=66.8574 58.9191 55.4466 35.9295 22.8412 16.7415 15.9941
threshold=0.01767314841225132 544079.91050000011 0.029717226074772399 0.125045720555962 63.291605222365654 1.8159000000000003 0.57568366592756826
decision_type=2 2 2 2 2 2 2
left_child=1 5 -3 6 -5 -1 -2
right_child=3 2 -4 4 -6 -7 -8
leaf_value=0.0075151091994093691 -0.0026606417453831958 -0.0013632791326162056 0.0043969090212414635 0.015961504510437062 0 0.00404047285957737 -0.0099660323280012907
leaf_weight=321.52185449004173 102.03145968914032 674.83381414413452 445.96993060410023 17.204506993293762 77.116492852568626 845.54471868276596 101.53891111910343
leaf_count=785 508 2232 1126 47 273 2204 566
internal_value=0.00227304 0.00301216 0.000920926 -0.00336364 0.00302763 0.00501015 -0.00637477
internal_weight=2585.76 2287.87 1120.8 297.891 94.321 1167.07 203.57
internal_count=7741 6347 3358 1394 320 2989 1074
is_linear=0
shrinkage=0.0126972


Tree=146
num_leaves=8
num_cat=0
split_feature=8 42 5 9 36 27 43
split_gain=65.2112 57.4396 54.0707 44.2939 22.7812 15.6129 12.183
threshold=0.01767314841225132 544079.91050000011 0.029717226074772399 0.083109729559940684 -0.0030701946742899299 -578.40499999999986 1464632.4430500001
decision_type=2 2 2 2 2 2 2
left_child=1 4 -3 5 -1 -2 -5
right_child=3 2 -4 6 -6 -7 -8
leaf_value=0.0094545709111405057 -0.011770893828553728 -0.0013463106533624482 0.004342796863157871 0.0062175748710753542 0.0042182393962160751 -0.0040590166740655945 -0.0069004201202354466
leaf_weight=159.48465546965599 64.144434005022049 674.67214764654636 445.80305704474449 74.501475811004639 1007.3749824166298 146.43044099211693 12.194632083177565
leaf_count=361 350 2232 1126 241 2628 753 50
internal_value=0.00224524 0.00297472 0.000909411 -0.00332781 0.00494761 -0.0064859 0.0042178
internal_weight=2584.61 2287.33 1120.48 297.271 1166.86 210.575 86.6961
internal_count=7741 6347 3358 1394 2989 1103 291
is_linear=0
shrinkage=0.0126972


Tree=147
num_leaves=8
num_cat=0
split_feature=8 43 41 9 17 24 29
split_gain=63.63 52.4522 46.9643 43.3103 16.453 14.4764 11.6209
threshold=0.01767314841225132 7260179.8444500016 1.7480000000000002 0.083109729559940684 0.078561221318887361 62.717587572137951 -10032.144999999997
decision_type=2 2 2 2 2 2 2
left_child=1 2 -1 4 -2 -5 -3
right_child=3 6 -4 5 -6 -7 -8
leaf_value=0.0061787433715429132 -0.003504836855081989 -0.0019727210965882125 0.002050680964146373 0.0129500786311545 -0.011020007515139851 0.0009295079776449846 -0.017413525737824575
leaf_weight=617.76093575358391 130.33906371891499 14.519116654992102 1631.6577352285385 21.928936958312988 79.524297386407852 64.859194740653038 22.783071801066399
leaf_count=1628 649 46 4566 71 454 220 107
internal_value=0.00221773 0.00293787 0.00319038 -0.00329345 -0.00642662 0.00415826 -0.0118107
internal_weight=2583.37 2286.72 2249.42 296.651 209.863 86.7881 37.3022
internal_count=7741 6347 6194 1394 1103 291 153
is_linear=0
shrinkage=0.0126972


Tree=148
num_leaves=8
num_cat=0
split_feature=42 6 9 42 30 18 2
split_gain=60.2201 81.2065 38.7153 25.5584 25.1709 25.0307 20.7839
threshold=1434297.6987500002 0.049503618642735947 0.0044593391321080542 273685.78380000003 1017.915000000001 1.2568733335991811 0.020506979732492273
decision_type=2 2 2 2 2 2 2
left_child=2 4 3 -1 -2 -3 -4
right_child=1 5 6 -5 -6 -7 -8
leaf_value=0.0072635443170130628 -0.0038339750551725366 0.010509841475016674 -0.0043749371722453618 0.0032735061550251878 -0.013118549868305343 0.00072427568178540897 0.0015541098361447089
leaf_weight=338.20209391415119 259.17235174030066 77.140939474105835 122.58343836665154 1211.2938351482153 59.163435727357864 97.475790277123451 417.7383458763361
leaf_count=782 964 171 548 3157 279 283 1557
internal_value=0.00218997 -0.00178709 0.00313321 0.00415368 -0.00561513 0.00512864 0.000186511
internal_weight=2582.77 492.953 2089.82 1549.5 318.336 174.617 540.322
internal_count=7741 1697 6044 3939 1243 454 2105
is_linear=0
shrinkage=0.0126972


Tree=149
num_leaves=8
num_cat=0
split_feature=42 6 41 6 18 30 18
split_gain=58.714 79.2924 47.3623 39.5768 26.0181 24.7534 24.4268
threshold=1434297.6987500002 0.049503618642735947 1.7480000000000002 0.041946116003211624 2.0493726977235194 1017.915000000001 1.2568733335991811
decision_type=2 2 2 2 2 2 2
left_child=2 5 4 -4 -1 -2 -3
right_child=1 6 3 -5 -6 -7 -8
leaf_value=0.0074689182587182861 -0.003789009398256766 0.010385515389500513 -2.5642020201896033e-05 0.0040399549838390798 0 -0.01301529013220145 0.00071515250357094085
leaf_weight=467.001843765378 258.92771778255701 77.081564217805862 792.80259427428246 742.67760033905506 86.809033945202827 58.882737398147583 97.474341839551926
leaf_count=1231 964 171 2564 1963 286 279 283
internal_value=0.00216314 -0.00176638 0.0030943 0.0019351 0.0062838 -0.00555392 0.00506657
internal_weight=2581.66 492.366 2089.29 1535.48 553.811 317.81 174.556
internal_count=7741 1697 6044 4527 1517 1243 454
is_linear=0
shrinkage=0.0126972


Tree=150
num_leaves=8
num_cat=0
split_feature=8 31 6 9 6 15 44
split_gain=61.1703 48.8299 44.5909 42.212 27.1167 16.1595 13.1224
threshold=0.01767314841225132 3713.4100000000012 0.032572130202303991 0.083109729559940684 0.050241628878053397 1.0770767691739518 4.8411500000000007
decision_type=2 2 2 2 2 2 2
left_child=1 2 -1 5 -3 -2 -5
right_child=3 4 -4 6 -6 -7 -8
leaf_value=0.00074641867051071736 -0.0034821377838853921 -0.014256462049952229 0.0045346601230938617 -0.0034122311733381758 0.00043892820295558267 -0.010949041669314737 0.0072156129278358296
leaf_weight=784.10228571295738 130.13744211196899 39.547903567552567 1423.1801084727049 24.738855421543121 38.095350757241249 79.005195572972298 62.175219044089317
leaf_count=2470 649 168 3606 105 103 454 186
internal_value=0.0021362 0.00284226 0.00319417 -0.00327306 -0.0069745 -0.00637696 0.00407189
internal_weight=2580.98 2284.93 2207.28 296.057 77.6433 209.143 86.9141
internal_count=7741 6347 6076 1394 271 1103 291
is_linear=0
shrinkage=0.0126972


Tree=151
num_leaves=8
num_cat=0
split_feature=8 6 40 9 19 17 24
split_gain=59.6849 43.2892 63.1938 41.2819 21.9824 15.9374 13.8677
threshold=0.01767314841225132 0.032572130202303991 4.4727000000000006 0.083109729559940684 0.014345615283696668 0.078561221318887361 62.717587572137951
decision_type=2 2 2 2 2 2 2
left_child=1 2 -1 5 -3 -2 -5
right_child=3 4 -4 6 -6 -7 -8
leaf_value=0.0016036924765724572 -0.0034444307619671175 0.0095754437987639468 -0.010340912629995602 0.012581594023234876 0.0036359129996672303 -0.010876923732545493 0.00084721929426477907
leaf_weight=721.32062438130379 129.90043769776821 110.82022592425346 78.506919056177139 22.089947268366814 1373.6884971857071 78.526711702346802 64.885133787989616
leaf_count=2239 649 238 306 71 3564 454 220
internal_value=0.00210997 0.00280692 0.000410971 -0.00323953 0.00409023 -0.00631892 0.00401623
internal_weight=2579.74 2284.34 799.828 295.402 1484.51 208.427 86.9751
internal_count=7741 6347 2545 1394 3802 1103 291
is_linear=0
shrinkage=0.0126972


Tree=152
num_leaves=8
num_cat=0
split_feature=8 42 5 2 36 36 24
split_gain=58.2154 54.2085 50.3331 32.7906 22.2629 21.1479 20.7598
threshold=0.01767314841225132 544079.91050000011 0.029717226074772399 0.125045720555962 -0.0030701946742899299 0.003030427506453381 63.291605222365654
decision_type=2 2 2 2 2 2 2
left_child=1 4 -3 5 -1 -2 -5
right_child=3 2 -4 6 -6 -7 -8
leaf_value=0.0091532758421744506 -0.0079604694979120566 -0.001410630497323553 0.0040837685596480846 0.015105594488266157 0.0039702205755275952 0.0029196184533081832 0
leaf_weight=158.83817614614964 167.50426234304905 674.31498365104198 444.63173197209835 17.452126458287239 1005.850631415844 32.873387508094311 76.971372932195663
leaf_count=361 914 2232 1126 47 2628 160 273
internal_value=0.00208428 0.00277221 0.00076474 -0.00320465 0.00469061 -0.00612134 0.00287787
internal_weight=2578.44 2283.64 1118.95 294.801 1164.69 200.378 94.4235
internal_count=7741 6347 3358 1394 2989 1074 320
is_linear=0
shrinkage=0.0126972


Tree=153
num_leaves=8
num_cat=0
split_feature=7 8 23 34 5 31 5
split_gain=62.5643 47.0621 35.7977 30.6697 28.6009 15.4977 6.41714
threshold=-0.076776040803998538 0.0044370580126493761 64.313426877153134 -11036.234999999999 0.012202222786006463 1311.4399999999996 0.02406896820188641
decision_type=2 2 2 2 2 2 2
left_child=1 4 -3 6 -1 -5 -2
right_child=3 2 -4 5 -6 -7 -8
leaf_value=-0.0093847400343032884 -0.012831870819204656 -0.003565951373547606 0.0033614586519856845 0.00023867578535666613 0.0044193206456925715 -0.0086681128964732346 -0.0025171199679229314
leaf_weight=23.476342350244522 45.422578513622284 251.23272264003754 229.08109037578106 313.1353697180748 1729.3977527618408 34.144963979721069 16.151843950152397
leaf_count=88 202 1085 918 1102 4285 150 54
internal_value=0.00242257 0.00326029 -0.00024084 -0.00212625 0.00422516 -0.000622864 -0.010345
internal_weight=2642.04 2233.19 480.314 408.855 1752.87 347.28 61.5744
internal_count=7884 6376 2003 1508 4373 1252 256
is_linear=0
shrinkage=0.0126972


Tree=154
num_leaves=8
num_cat=0
split_feature=35 42 6 19 6 44 43
split_gain=63.46 44.0927 48.071 23.7995 21.961 18.1089 10.0223
threshold=0.0043032048564984491 349407.38740000007 0.040174065421752496 0.59246467524706004 0.056133772076515411 1.88975 471717.39870000008
decision_type=2 2 2 2 2 2 2
left_child=1 3 -3 -1 5 -2 -6
right_child=4 2 -4 -5 6 -7 -8
leaf_value=0.0065795320914940354 -0.0029166686608613217 -0.00031782900199010258 0.0039494571420506421 5.0377260810356895e-05 0.010275276689139051 -0.011482910449574597 -0.0037378162454181256
leaf_weight=616.91511356830597 126.50156151503325 828.35946252942085 865.73732303082943 109.04472082853317 21.755390644073486 61.331521436572075 11.236158370971678
leaf_count=1521 556 2740 2292 364 53 318 40
internal_value=0.00239261 0.00298977 0.00185761 0.0056137 -0.00409524 -0.00579823 0.00522217
internal_weight=2640.88 2420.06 1694.1 725.96 220.825 187.833 32.9915
internal_count=7884 6917 5032 1885 967 874 93
is_linear=0
shrinkage=0.0126972


Tree=155
num_leaves=8
num_cat=0
split_feature=35 7 33 8 39 19 11
split_gain=61.9251 44.3539 37.663 31.3314 18.366 21.223 18.8872
threshold=0.0043032048564984491 -0.076776040803998538 -6008.9649999999956 -0.10814762130551607 85.559750000000022 0.30109525522644592 0.0072581223530253655
decision_type=2 2 2 2 2 2 2
left_child=1 3 -3 -1 5 -2 -6
right_child=4 2 -4 -5 6 -7 -8
leaf_value=0.011328082960594505 0.0021868284441702579 -0.0088694241394416864 0.0010137576481314291 0.0033383329222968507 -0.0072320102670496381 -0.008242461753593772 0.0095254610685275177
leaf_weight=83.1712756305933 38.572811126708984 78.952063426375389 278.09630281478167 1979.200802013278 16.314078092575073 137.6631722599268 27.812272921204567
leaf_count=181 128 315 930 5491 74 673 92
internal_value=0.00236317 0.00295268 -0.00115579 0.00366901 -0.0040527 -0.00590288 0.00308833
internal_weight=2639.78 2419.42 357.048 2062.37 220.362 176.236 44.1264
internal_count=7884 6917 1245 5672 967 801 166
is_linear=0
shrinkage=0.0126972


Tree=156
num_leaves=8
num_cat=0
split_feature=7 8 42 42 11 40 4
split_gain=59.0056 44.9357 37.3971 35.1435 34.2122 23.1183 15.7692
threshold=-0.076776040803998538 0.0044370580126493761 1544556.6982500001 316861.39745000011 0.0049424604137010561 4.7862000000000009 0.1682759110542881
decision_type=2 2 2 2 2 2 2
left_child=1 3 5 -1 -3 -2 -4
right_child=2 4 6 -5 -6 -7 -8
leaf_value=0.0070918688732027873 0.0010746705924216445 -0.0036587935278163696 -0.012540262988531819 0.0029913427553413339 0.0031041784311538908 -0.0093207809962035908 0.00086477306785851524
leaf_weight=466.51000842452049 288.53319190442562 241.3044431656599 65.042859360575676 1283.5001235306263 239.24856251478195 38.456720605492592 16.164986461400986
leaf_count=1053 976 1054 315 3320 949 157 60
internal_value=0.00233413 0.00314808 -0.00208675 0.00409252 -0.000271079 -0.00013348 -0.00976282
internal_weight=2638.76 2230.56 408.198 1750.01 480.553 326.99 81.2078
internal_count=7884 6376 1508 4373 2003 1133 375
is_linear=0
shrinkage=0.0126972


Tree=157
num_leaves=8
num_cat=0
split_feature=19 43 7 32 42 6 32
split_gain=57.8939 35.6245 31.1467 28.8844 29.6776 28.3983 15.6013
threshold=0.203508771929824 1428269.1945000004 -0.22431267910503641 -744.0899999999998 316861.39745000011 0.030771851360086647 -653.3499999999998
decision_type=2 2 2 2 2 2 2
left_child=3 2 -2 4 -1 -3 -5
right_child=1 5 -4 6 -6 -7 -8
leaf_value=0.0095347062740228708 0.0075319671511223513 -0.010981388373511808 0.0008541580872996117 -0.012877654135709397 0.0041360050366473942 -0.00089354131767857071 0.0010783424578923624
leaf_weight=223.71753612160683 124.4047574698925 65.938036069273949 1204.7373633235693 13.234919801354406 678.50528836250305 147.04747581481934 179.89755137264729
leaf_count=473 359 331 3931 49 1714 512 515
internal_value=0.00230561 0.000711762 0.00149027 0.00453852 0.00549196 -0.0040886 2.86418e-05
internal_weight=2637.48 1542.13 1329.14 1095.36 902.223 212.986 193.132
internal_count=7884 5133 4290 2751 2187 843 564
is_linear=0
shrinkage=0.0126972


Tree=158
num_leaves=8
num_cat=0
split_feature=7 32 42 33 42 6 43
split_gain=56.8116 41.9814 36.2125 30.618 29.3447 14.8927 13.7666
threshold=-0.076776040803998538 -744.0899999999998 1544556.6982500001 -5520.4099999999989 214278.67550000004 0.037530132540360507 110478.18340000002
decision_type=2 2 2 2 2 2 2
left_child=1 3 6 -1 -3 -4 -2
right_child=2 4 5 -5 -6 -7 -8
leaf_value=0.0024425843776489688 -0.0087299995821310868 0.0068263391421410158 -0.012554138856295681 0.0060070946709263121 -0.00078526389550589212 0 0.00061298661763504027
leaf_weight=812.02588067948818 27.063269734382629 95.056261345744133 62.594796933233738 772.03423541784286 549.7058492153883 18.099191144108772 299.97987608611584
leaf_count=2189 101 267 313 1939 1981 62 1032
internal_value=0.00227718 0.00307611 -0.00206306 0.00418804 0.000327097 -0.0096455 -0.000145432
internal_weight=2636.56 2228.82 407.737 1584.06 644.762 80.694 327.043
internal_count=7884 6376 1508 4128 2248 375 1133
is_linear=0
shrinkage=0.0126972


Tree=159
num_leaves=8
num_cat=0
split_feature=35 42 7 20 6 36 24
split_gain=58.8258 41.7962 51.6339 24.6132 22.5101 11.903 9.90091
threshold=0.0041717437942720651 349407.38740000007 -0.076776040803998538 -0.95621356345389363 0.056133772076515411 -0.00067688987122776925 58.878151767239565
decision_type=2 2 2 2 2 2 2
left_child=1 3 -3 -1 5 -2 -6
right_child=4 2 -4 -5 6 -7 -8
leaf_value=0.01052224922557218 -0.0099599126100399747 0.0026729903093742494 -0.0034951366311424844 0.0042752004365156542 -0.0013018886730339705 -0.003146171186674292 0.011647390513236714
leaf_weight=126.69917622208595 67.931637138128281 1429.838318169117 256.42984302341938 596.3314161747694 16.52987214922905 123.84610365331173 18.147307276725769
leaf_count=260 325 4057 954 1620 56 571 41
internal_value=0.00224898 0.00283313 0.00172799 0.00539259 -0.00391138 -0.00563856 0.00527996
internal_weight=2635.75 2409.3 1686.27 723.031 226.455 191.778 34.6772
internal_count=7884 6891 5011 1880 993 896 97
is_linear=0
shrinkage=0.0126972


Tree=160
num_leaves=8
num_cat=0
split_feature=35 42 6 20 6 44 2
split_gain=57.4082 40.2414 45.2497 24.5002 20.6507 18.0354 9.39148
threshold=0.0043032048564984491 349407.38740000007 0.040174065421752496 -0.95621356345389363 0.056133772076515411 1.88975 0.049183659611710236
decision_type=2 2 2 2 2 2 2
left_child=1 3 -3 -1 5 -2 -6
right_child=4 2 -4 -5 6 -7 -8
leaf_value=0.010429670626021669 -0.0027533694429521379 -0.00040279756745372852 0.0037402116258277054 0.0041894069847535527 -0.0012374320123696211 -0.011333876185649324 0.011662440848150194
leaf_weight=126.20986154675484 125.62328212708235 828.09047218412161 863.75291894376278 597.2593092918396 16.37963704764843 60.741082862019539 16.596941664814949
leaf_count=260 556 2740 2292 1625 55 318 38
internal_value=0.00222134 0.00278879 0.00170703 0.00530063 -0.00397078 -0.00563462 0.00505631
internal_weight=2634.65 2415.31 1691.84 723.469 219.341 186.364 32.9766
internal_count=7884 6917 5032 1885 967 874 93
is_linear=0
shrinkage=0.0126972


Tree=161
num_leaves=8
num_cat=0
split_feature=35 42 7 20 6 44 24
split_gain=56.0247 39.8302 50.02 23.8609 21.5032 16.2322 9.46319
threshold=0.0041717437942720651 349407.38740000007 -0.076776040803998538 -0.95621356345389363 0.056133772076515411 1.88975 58.878151767239565
decision_type=2 2 2 2 2 2 2
left_child=1 3 -3 -1 5 -2 -6
right_child=4 2 -4 -5 6 -7 -8
leaf_value=0.010337999547892426 -0.0028016486829945948 0.0026147224679842411 -0.0034587958701153667 0.0041673323712007656 -0.0012822140754309079 -0.010844368297109552 0.011363686087248987
leaf_weight=125.72132985293865 128.17559540271759 1429.5670191645622 256.17411894351244 596.40367670357227 16.530019551515579 62.724724397063255 18.174160525202751
leaf_count=260 567 4057 954 1620 56 329 41
internal_value=0.00219412 0.0027636 0.00168475 0.00526421 -0.00382944 -0.00552573 0.00514321
internal_weight=2633.47 2407.87 1685.74 722.125 225.604 190.9 34.7042
internal_count=7884 6891 5011 1880 993 896 97
is_linear=0
shrinkage=0.0126972


Tree=162
num_leaves=8
num_cat=0
split_feature=6 27 0 17 44 31 40
split_gain=49.5615 42.8929 34.5038 34.0482 20.3065 17.5483 14.4135
threshold=0.040174065421752496 -3597.7699999999991 0.042089312094414695 1.0000000180025095e-35 6.4131500000000008 3422.2750000000001 1.5905500000000001
decision_type=2 2 2 2 2 2 2
left_child=1 6 5 -3 -4 -2 -1
right_child=2 3 4 -5 -6 -7 -8
leaf_value=-5.8980147607382684e-05 0.0049664087564591534 0.0024993485719598746 -0.0068614728194682636 -0.0021214399216337386 0.0029543392780141324 -0.0022682175170151563 -0.0093261049941015493
leaf_weight=41.823526278138161 1082.166381329298 873.78525097668171 70.380878835916519 361.38592599332333 62.900584787130356 54.549934893846512 89.60451053828001
leaf_count=145 2726 2642 313 1369 208 163 356
internal_value=0.00208381 0.000396921 0.00388987 0.00113878 -0.00216172 0.00460919 -0.00646899
internal_weight=2636.6 1366.6 1270 1235.17 133.281 1136.72 131.428
internal_count=7922 4512 3410 4011 521 2889 501
is_linear=0
shrinkage=0.0126972


Tree=163
num_leaves=7
num_cat=0
split_feature=8 6 19 23 18 41
split_gain=58.2045 28.4122 24.0165 22.8831 28.0892 21.014
threshold=-0.002022512298470502 0.021768070074427489 0.0073439522508272044 90.912085603137868 2.0684966700595835 0.5494500000000001
decision_type=2 2 2 2 2 2
left_child=1 5 -3 4 -2 -1
right_child=3 2 -4 -5 -6 -7
leaf_value=0.010618381655583934 0.0001869997526985718 0.010195036421993056 0.0034256437894342991 0.016775511022200124 -0.0057188415370737506 -0.0044645591844011739
leaf_weight=16.281484797596931 681.43936228007078 90.756549701094627 1567.2834821790457 11.236589521169661 158.89585661143064 109.75273430347443
leaf_count=43 2647 198 3892 29 741 372
internal_value=0.00205791 0.00336207 0.00380624 -0.000662963 -0.000921314 -0.00239046
internal_weight=2635.65 1784.07 1658.04 851.572 840.335 126.034
internal_count=7922 4505 4090 3417 3388 415
is_linear=0
shrinkage=0.0126972


Tree=164
num_leaves=7
num_cat=0
split_feature=25 6 18 11 2 25
split_gain=51.9254 49.0118 40.6595 28.3482 22.1683 16.3147
threshold=8.6856370281321826 0.021768070074427489 1.5998894103152412 0.0379347965151784 0.046905557366362378 11.235167027072778
decision_type=2 2 2 2 2 2
left_child=1 4 -3 5 -1 -2
right_child=3 2 -4 -5 -6 -7
leaf_value=-0.0045366222059095651 -0.009592271179633724 0.0042848636600029029 0.00050340879978601801 0.0099580406981165451 0.014965536256571365 -0.00227075988501325
leaf_weight=182.69074147939682 77.819221802055836 1533.0667043328285 663.23272626101971 21.867008581757545 9.0526423305273038 146.54212426394224
leaf_count=671 384 4017 2030 61 37 722
internal_value=0.00203304 0.00260803 0.00314806 -0.00349437 -0.00351452 -0.00487615
internal_weight=2634.27 2388.04 2196.3 246.228 191.743 224.361
internal_count=7922 6755 6047 1167 708 1106
is_linear=0
shrinkage=0.0126972


Tree=165
num_leaves=8
num_cat=0
split_feature=6 42 44 9 23 15 42
split_gain=47.6637 38.439 40.8531 27.5079 35.8982 27.0961 16.8655
threshold=0.040174065421752496 1385273.8838500001 0.69225000000000014 0.0051715890171218923 62.132242858230249 1.0373560025007889 273685.78380000003
decision_type=2 2 2 2 2 2 2
left_child=1 2 -1 6 -5 -3 -2
right_child=3 5 -4 4 -6 -7 -8
leaf_value=0.0048687375357733299 0.0087022027461359126 -0.0017147089351745462 -0.00030442631476706772 -0.0059107641293874962 0.003385568263019347 -0.011586040796096887 0.0040693606413203486
leaf_weight=362.69564439356327 157.38118842244148 191.16238620132208 752.55520757287741 96.413311302661896 214.09397166967392 59.493147149682045 799.61559075117111
leaf_count=1029 346 694 2488 394 696 301 1974
internal_value=0.00200792 0.000353778 0.00137078 0.00378136 0.000459982 -0.00412253 0.00484736
internal_weight=2633.41 1365.91 1115.25 1267.5 310.507 250.656 956.997
internal_count=7922 4512 3517 3410 1090 995 2320
is_linear=0
shrinkage=0.0126972


Tree=166
num_leaves=8
num_cat=0
split_feature=8 31 0 28 5 41 3
split_gain=55.4631 28.5066 23.7108 22.7867 19.291 17.7948 15.6655
threshold=-0.002022512298470502 3422.2750000000001 -0.1021315192743764 -5730.0999999999995 0.025219379298914293 0.5494500000000001 0.064262190148769785
decision_type=2 2 2 2 2 2 2
left_child=1 2 -1 4 -2 -5 -3
right_child=3 6 -4 5 -6 -7 -8
leaf_value=0.0082238656216208645 -0.013067243243068414 -0.0096955539622653984 0.0030605758824920302 0.0078699308700824287 -0.0017464099205293751 -0.00037854680658879863 0.0049520796133795224
leaf_weight=160.8386128693819 40.062847219407558 40.709670647978783 1564.48734138906 44.161453858017921 66.946605116128922 700.08733642101288 14.950984120368956
leaf_count=372 209 135 3959 159 258 2791 39
internal_value=0.00198325 0.00325809 0.00355077 -0.000672494 -0.00613359 0.000103898 -0.0055691
internal_weight=2632.24 1780.99 1725.33 851.258 107.009 744.249 55.6607
internal_count=7922 4505 4331 3417 467 2950 174
is_linear=0
shrinkage=0.0126972


Tree=167
num_leaves=7
num_cat=0
split_feature=25 31 0 11 22 25
split_gain=49.634 36.3268 30.1002 27.5302 17.2101 16.0797
threshold=8.6856370281321826 3422.2750000000001 -0.1021315192743764 0.0379347965151784 68.078850291713593 11.235167027072778
decision_type=2 2 2 2 2 2
left_child=1 2 -1 5 -3 -2
right_child=3 4 -4 -5 -6 -7
leaf_value=0.0081548525298730818 -0.0095141876153334547 -0.0087529127495556171 0.0024222986385104726 0.0097862499366997736 0.004031567564880459 -0.0022318058522917124
leaf_weight=160.15032766759396 77.449864573776722 65.20664681494236 2138.8179770037532 21.91243714094162 21.19596303999424 146.25766999274492
leaf_count=372 384 230 6079 61 74 722
internal_value=0.00195896 0.00252117 0.0028283 -0.0034519 -0.00549342 -0.004819
internal_weight=2630.99 2385.37 2298.97 245.62 86.4026 223.708
internal_count=7922 6755 6451 1167 304 1106
is_linear=0
shrinkage=0.0126972


Tree=168
num_leaves=8
num_cat=0
split_feature=8 24 18 8 42 7 19
split_gain=53.4892 23.4311 27.5467 22.9329 21.4295 6.82655 5.41955
threshold=-0.002022512298470502 84.065436468640186 2.0684966700595835 -0.10814762130551607 295072.77855000005 -0.084715709672890646 0.0073439522508272044
decision_type=2 2 2 2 2 2 2
left_child=3 2 -2 6 -5 -3 -1
right_child=1 5 -4 4 -6 -7 -8
leaf_value=0.013795957438973215 3.1298934364159934e-05 0.015866249500422484 -0.0058910892034915781 0.0055741478980830201 0.0020850292282481005 0.0017001366849775314 0.0064579888118307645
leaf_weight=34.639258906245232 669.17236436903477 16.350867271423343 154.55078518390656 368.89115217328072 1324.6705413907766 10.933598026633261 50.819165632128716
leaf_count=76 2608 46 726 846 3460 37 123
internal_value=0.00193481 -0.000673145 -0.00107146 0.00318782 0.00285291 0.0107281 0.00963381
internal_weight=2630.03 851.008 823.723 1779.02 1693.56 27.2845 85.4584
internal_count=7922 3417 3334 4505 4306 83 199
is_linear=0
shrinkage=0.0126972


Tree=169
num_leaves=7
num_cat=0
split_feature=25 6 31 41 11 25
split_gain=47.8161 47.3 38.0147 29.9852 26.959 15.812
threshold=8.6856370281321826 0.021768070074427489 3422.2750000000001 0.39570000000000005 0.0379347965151784 11.235167027072778
decision_type=2 2 2 2 2 2
left_child=1 3 -3 -1 5 -2
right_child=4 2 -4 -5 -6 -7
leaf_value=0.011738666015146821 -0.0094326979496368868 0.003329525696396456 -0.0053726058036606857 -0.0052017927810313717 0.0096816380684759482 -0.0021974530298378963
leaf_weight=17.702778503298759 77.080563805997372 2109.1594581976533 82.711059093475342 174.0922517105937 21.943382754921913 146.02067203074694
leaf_count=54 384 5761 286 654 61 722
internal_value=0.00191158 0.00246325 0.00299499 -0.00355026 -0.00340563 -0.00476316
internal_weight=2628.71 2383.67 2191.87 191.795 245.045 223.101
internal_count=7922 6755 6047 708 1167 1106
is_linear=0
shrinkage=0.0126972


Tree=170
num_leaves=8
num_cat=0
split_feature=8 31 24 18 0 40 7
split_gain=51.5829 26.3557 22.8008 27.0391 22.6912 15.367 6.56986
threshold=-0.002022512298470502 3422.2750000000001 84.065436468640186 2.0684966700595835 -0.1021315192743764 4.2855500000000015 -0.084715709672890646
decision_type=2 2 2 2 2 2 2
left_child=1 4 3 -2 -1 -3 -4
right_child=2 5 6 -5 -6 -7 -8
leaf_value=0.00800730435198381 2.4391293761140275e-05 -0.013153555331721786 0.015578506089502279 -0.0058483775117982714 0.0029244407363908419 0 0.0016707203496343236
leaf_weight=158.62345306575298 669.11306000500917 23.019724279642105 16.434469833970073 154.20254267752171 1562.8093161284924 32.689238905906677 10.93642285466194
leaf_count=372 2608 85 46 726 3959 89 37
internal_value=0.00188784 0.00311929 -0.000673273 -0.00106709 0.00340161 -0.00536179 0.0105549
internal_weight=2627.83 1777.14 850.686 823.316 1721.43 55.709 27.3709
internal_count=7922 4505 3417 3334 4331 174 83
is_linear=0
shrinkage=0.0126972


Tree=171
num_leaves=8
num_cat=0
split_feature=6 27 34 41 36 19 7
split_gain=43.5319 44.6707 41.2094 19.6144 17.2246 15.1566 10.8009
threshold=0.04083498994513219 -4924.7799999999997 1004.5500000000001 12.532800000000002 0.00048337871079666715 0.018494087755300852 -0.09296558704453442
decision_type=2 2 2 2 2 2 2
left_child=1 6 -3 5 -5 -2 -1
right_child=3 2 -4 4 -6 -7 -8
leaf_value=-0.0052554062003202714 0.0093059412069515304 0.0014724555482924203 -0.0059779032041910119 0.0014449771299280992 -0.0084143010920522433 0.0035575205720690087 -0.015184642372359112
leaf_weight=65.103636376559734 82.888240829110146 1127.0150196924806 132.93216020613909 135.86496894061565 35.269944384694099 941.47505369782448 27.754667885601521
leaf_count=228 190 3537 567 373 127 2549 132
internal_value=0.00160795 4.00372e-05 0.00067561 0.00337268 -0.000552761 0.00403831 -0.00841868
internal_weight=2548.3 1352.81 1259.95 1195.5 171.135 1024.36 92.8583
internal_count=7703 4464 4104 3239 500 2739 360
is_linear=0
shrinkage=0.0126972


Tree=172
num_leaves=8
num_cat=0
split_feature=42 5 18 32 8 0 42
split_gain=61.4584 51.969 34.4699 32.0509 25.643 14.2577 11.1689
threshold=349407.38740000007 0.021025346212649679 1.2241204825713938 -7444.2399999999989 0.013755373513323345 0.032289978998017561 168101.76460000002
decision_type=2 2 2 2 2 2 2
left_child=4 3 -3 -2 6 -6 -1
right_child=1 2 -4 -5 5 -7 -8
leaf_value=0.010825024867426277 -0.011830950410591312 0.0039467353498223645 -0.00024468286998815777 -0.001872857720186575 -0.0081690557856806713 0.0022735559972647834 0.0049209124728254372
leaf_weight=60.323246821761131 58.655271768569946 593.24005854129791 667.60905379056931 477.70755406469107 34.080529317259789 50.847813740372658 604.95448923110962
leaf_count=130 232 1590 2097 1746 167 236 1505
internal_value=0.00158797 0.0003072 0.00172043 -0.00299406 0.00463971 -0.00182953 0.00548179
internal_weight=2547.42 1797.21 1260.85 536.363 750.206 84.9283 665.278
internal_count=7703 5665 3687 1978 2038 403 1635
is_linear=0
shrinkage=0.0126972


Tree=173
num_leaves=8
num_cat=0
split_feature=42 5 18 32 19 43 5
split_gain=59.9701 50.6883 33.6092 31.3586 25.3192 23.0299 7.25632
threshold=349407.38740000007 0.021025346212649679 1.2241204825713938 -7444.2399999999989 0.85085296113211206 122915.76305000002 0.025889237146543165
decision_type=2 2 2 2 2 2 2
left_child=4 3 -3 -2 5 -1 -6
right_child=1 2 -4 -5 6 -7 -8
leaf_value=0.001778185247724523 -0.011711656026943275 0.0038971521908948278 -0.00024158085613798912 -0.0018499889640554192 -0.013400280384207331 0.0066342527854098294 0
leaf_weight=244.32323627173901 58.508122757077217 593.16841427981853 667.60459812730551 477.48193386942148 14.544366568326952 481.6152483522892 9.2384802103042585
leaf_count=686 232 1590 2097 1746 77 1240 35
internal_value=0.00156833 0.000303107 0.00169861 -0.00295858 0.00458405 0.00501697 -0.0079919
internal_weight=2546.48 1796.76 1260.77 535.99 749.721 725.938 23.7828
internal_count=7703 5665 3687 1978 2038 1926 112
is_linear=0
shrinkage=0.0126972


Tree=174
num_leaves=6
num_cat=0
split_feature=43 8 5 11 36
split_gain=43.715 42.0986 37.4692 33.3118 0.908503
threshold=10004624.566050002 0.010839046150026068 0.019003972877209049 0.036716495227220099 -0.0034974941650685386
decision_type=2 2 2 2 2
left_child=1 2 -1 -3 -2
right_child=4 3 -4 -5 -6
leaf_value=-0.00053517997742716242 -0.0074937060022013773 -0.0037169157535380517 0.0034094249154969372 0.005282086955196658 -0.017549316092409173
leaf_weight=507.24084250628948 7.9828109294176128 337.40843658149242 1595.2305932641029 81.126734986901283 16.754485987126827
leaf_count=1612 32 1653 4078 240 88
internal_value=0.00154875 0.00171893 0.00245307 -0.00194279 -0.0149852
internal_weight=2545.74 2521.01 2102.47 418.535 24.7373
internal_count=7703 7583 5690 1893 120
is_linear=0
shrinkage=0.0126972


Tree=175
num_leaves=8
num_cat=0
split_feature=42 6 40 8 18 13 42
split_gain=58.4531 52.6389 32.2611 24.4282 19.5946 11.7705 11.0038
threshold=349407.38740000007 0.04083498994513219 3.4351500000000006 0.013755373513323345 1.2614715724602601 -0.026869970118686522 168101.76460000002
decision_type=2 2 2 2 2 2 2
left_child=3 2 -2 6 -3 -5 -1
right_child=1 4 -4 5 -6 -7 -8
leaf_value=0.010639701483407418 -0.0003619440451907067 0.0046362656605057435 -0.0057226960158105909 0.0043781017975580731 0.00079781220668557204 -0.0053475042631778279 0.0047749125621829895
leaf_weight=60.153131023049355 658.96520607173443 386.81224370002747 251.3899599686265 29.780429661273956 498.27817888557911 55.048524975776672 603.98693086206913
leaf_count=130 2250 993 963 130 1459 273 1505
internal_value=0.00152966 0.000280156 -0.00185652 0.00450856 0.00248901 -0.00180714 0.00533149
internal_weight=2544.41 1795.45 910.355 748.969 885.09 84.829 664.14
internal_count=7703 5665 3213 2038 2452 403 1635
is_linear=0
shrinkage=0.0126972


Tree=176
num_leaves=8
num_cat=0
split_feature=42 5 33 18 43 18 42
split_gain=57.0336 48.0102 32.4384 32.3906 21.9463 24.9525 12.4532
threshold=349407.38740000007 0.021025346212649679 -6522.0899999999983 1.2241204825713938 139057.28710000005 1.2772374552666055 220434.03250000003
decision_type=2 2 2 2 2 2 2
left_child=4 2 -2 -3 5 -1 -6
right_child=1 3 -4 -5 6 -7 -8
leaf_value=0.0046386553895315721 -0.0081555439840731991 0.0037948424298416142 -0.0010082375769027536 -0.00026989188839286548 0.0098369775267507543 -0.0029691594671148705 0.004882888416275411
leaf_weight=177.38239400088787 139.67648984491825 592.58059741556644 395.47477237135172 667.13408491760492 117.67698228359222 111.85718983411789 341.55515623092651
leaf_count=456 531 1590 1447 2097 285 370 927
internal_value=0.00151097 0.00027661 -0.00290046 0.00163515 0.00445461 0.00166148 0.00618682
internal_weight=2543.34 1794.87 535.151 1259.71 748.472 289.24 459.232
internal_count=7703 5665 1978 3687 2038 826 1212
is_linear=0
shrinkage=0.0126972


Tree=177
num_leaves=8
num_cat=0
split_feature=42 6 41 19 6 0 33
split_gain=55.7362 43.0626 40.6815 21.8284 22.8672 20.4692 15.3569
threshold=284949.60000000003 0.041394489261863725 2.5898500000000007 0.70754716981132082 0.04216420511852273 -0.075467759075794491 -972.16499999999996
decision_type=2 2 2 2 2 2 2
left_child=3 2 -2 6 -5 -3 -1
right_child=1 5 -4 4 -6 -7 -8
leaf_value=0.0043930645341843863 0.001341851611951246 0.0061607738456873886 -0.0035949504850765483 -0.0086139602713147436 0.010568534499260684 0.0015469049728985581 0.0094698816474785095
leaf_weight=297.14814193546772 520.44367362558842 197.0382507443428 551.74146945774555 33.012897104024887 13.302814438939093 775.86536033451557 154.16184142231941
leaf_count=755 1699 461 1995 147 35 2216 395
internal_value=0.00149214 0.000558594 -0.00118981 0.00530249 -0.00281683 0.00249532 0.00616108
internal_weight=2542.71 2045.09 1072.19 497.626 46.3157 972.904 451.31
internal_count=7703 6371 3694 1332 182 2677 1150
is_linear=0
shrinkage=0.0126972


Tree=178
num_leaves=8
num_cat=0
split_feature=42 5 18 32 8 43 0
split_gain=54.5849 46.267 31.7354 30.385 23.6904 16.3099 13.9247
threshold=349407.38740000007 0.021025346212649679 1.2241204825713938 -7444.2399999999989 0.013755373513323345 127581.61325000001 0.032289978998017561
decision_type=2 2 2 2 2 2 2
left_child=4 3 -3 -2 5 -1 -6
right_child=1 2 -4 -5 6 -7 -8
leaf_value=0.002409871313102946 -0.011494278099079869 0.0037382511610174352 -0.00028615720047720568 -0.0017633239690961304 -0.0081366183121731883 0.0066604224929791359 0.0021822247702528402
leaf_weight=235.84669817984104 58.195545762777328 592.27353802323341 666.8218162804842 476.45669502019882 33.987696558237076 427.11228743195534 51.004052355885506
leaf_count=615 232 1590 2097 1746 167 1020 236
internal_value=0.001474 0.000265961 0.00159984 -0.00285445 0.0043548 0.00516751 -0.00185714
internal_weight=2541.7 1793.75 1259.1 534.652 747.951 662.959 84.9917
internal_count=7703 5665 3687 1978 2038 1635 403
is_linear=0
shrinkage=0.0126972


Tree=179
num_leaves=7
num_cat=0
split_feature=42 6 41 0 34 43
split_gain=53.4056 41.5391 39.7556 20.0867 17.5191 13.3482
threshold=284949.60000000003 0.041394489261863725 2.5898500000000007 -0.075467759075794491 1509.1150000000005 105872.78180000001
decision_type=2 2 2 2 2 2
left_child=4 2 -2 -3 5 -1
right_child=1 3 -4 -5 -6 -7
leaf_value=0.0023069206651937738 0.001326332160819801 0.0060833438445053595 -0.0035551656860423795 0.0015064147651240012 -0.0069358156559379686 0.0070576900674002643
leaf_weight=144.45513418316841 520.38553838431835 196.34165623784065 551.200717844069 775.77840334177017 17.246157646179199 335.37004525959492
leaf_count=406 1699 461 1995 2216 64 862
internal_value=0.00145574 0.000541664 -0.0011758 0.00244478 0.00518784 0.00565371
internal_weight=2540.78 2043.71 1071.59 972.12 497.071 479.825
internal_count=7703 6371 3694 2677 1332 1268
is_linear=0
shrinkage=0.0126972


Tree=180
num_leaves=8
num_cat=0
split_feature=19 5 41 8 5 43 43
split_gain=53.4879 39.2479 38.6061 34.8939 32.2211 16.7616 9.54745
threshold=0.24588226175250927 0.045514192649908913 3.6901500000000005 0.011193905067619638 0.013208837049813198 102065.31840000002 167660.75775000002
decision_type=2 2 2 2 2 2 2
left_child=3 2 -2 4 -1 -3 -5
right_child=1 5 -4 6 -6 -7 -8
leaf_value=-0.0049817335965290721 0.0010381615410822815 0.015805846718894581 -0.0034831829703115096 0 0.0043837703012846677 0.0038725479402285513 -0.013174212301725793
leaf_weight=61.176729217171669 667.53231400251389 22.748661294579506 555.38865799456835 12.313067257404326 1062.4431637972593 133.56254623830318 23.976587206125259
leaf_count=218 2275 45 2014 50 2633 352 125
internal_value=0.00144933 -0.000233949 -0.0010077 0.00345861 0.00386219 0.0057336 -0.00860724
internal_weight=2539.14 1379.23 1222.92 1159.91 1123.62 156.311 36.2897
internal_count=7712 4686 4289 3026 2851 397 175
is_linear=0
shrinkage=0.0126972


Tree=181
num_leaves=8
num_cat=0
split_feature=35 32 5 11 40 10 42
split_gain=50.0594 33.8183 34.4537 25.3984 23.1917 21.2381 4.32481
threshold=-0.0045896783416187392 -5852.7550000000001 0.022884468459094722 0.062711812485649179 1.5764000000000002 -0.10784941375600103 1024534.1912500001
decision_type=2 2 2 2 2 2 2
left_child=1 2 -1 5 -3 -2 -5
right_child=3 4 -4 6 -6 -7 -8
leaf_value=-0.0063560023325241726 0.0048298009324273302 0.0075572794901992788 0.0018042554708906546 0.013093849943797576 0.0030536961594643058 -0.0018891870839413171 0.0026021078724604353
leaf_weight=104.97034583985806 82.063293278217316 243.06281219422817 395.34221166372299 22.106703847646713 840.22205480933189 836.98850432783365 13.1228961199522
leaf_count=368 207 605 1048 45 2250 3155 34
internal_value=0.00143168 0.00281705 6.5743e-05 -0.000857045 0.00407757 -0.00127515 0.00958902
internal_weight=2537.88 1583.6 500.313 954.281 1083.28 919.052 35.2296
internal_count=7712 4271 1416 3441 2855 3362 79
is_linear=0
shrinkage=0.0126972


Tree=182
num_leaves=8
num_cat=0
split_feature=8 4 32 6 41 32 44
split_gain=51.8189 32.3214 30.257 27.3025 26.9592 18.8453 18.4793
threshold=-0.0031219028414998236 0.0019941785097941094 53.889999999999986 0.042468099632733784 0.71355000000000002 -9308.5049999999974 4.2369500000000011
decision_type=2 2 2 2 2 2 2
left_child=1 2 -1 4 -2 -3 -5
right_child=3 5 -4 6 -6 -7 -8
leaf_value=0.0043637639102646116 0.0055945429553043418 -0.0048027629743907976 -0.0045389607336932545 -0.0012868729982002227 -0.0037560148125998487 0.001271102412834681 0.0048606931060580947
leaf_weight=1109.2466619312763 53.840926475822926 102.92835864424706 63.523699954152107 149.30918736755848 495.93690983951092 400.80647996068001 161.34029550850391
leaf_count=2709 206 308 194 544 2176 1063 512
internal_value=0.00141427 0.00271569 0.0038706 -0.00110987 -0.00281621 5.22488e-06 0.00187698
internal_weight=2536.93 1676.51 1172.77 860.427 549.778 503.735 310.649
internal_count=7712 4274 2903 3438 2382 1371 1056
is_linear=0
shrinkage=0.0126972


Tree=183
num_leaves=8
num_cat=0
split_feature=35 4 6 6 42 6 36
split_gain=48.0912 37.5056 31.1961 26.9622 22.8687 21.7492 14.7942
threshold=-0.0045896783416187392 0.013044086924683953 0.017340716774514677 0.049684100565832889 993103.51075000013 0.042468099632733784 -0.0020527753809463415
decision_type=2 2 2 2 2 2 2
left_child=1 2 -1 4 -2 -3 -5
right_child=3 5 -4 6 -6 -7 -8
leaf_value=-0.0083525052530486112 -0.00070887466962897972 -0.0036806007525578702 0.0042903366130578732 0.0064381779296582365 -0.0059151262382119369 0.0020948348975976922 0.00033148860458283042
leaf_weight=31.240275204181671 449.46186978369951 188.67156408727169 1128.1721016317606 93.412124693393707 198.10287293046713 234.24963955581188 212.30847534537315
leaf_count=126 1691 639 2894 231 871 612 648
internal_value=0.00139699 0.00275533 0.00393633 -0.000847424 -0.00232165 -0.000459489 0.0022404
internal_weight=2535.62 1582.33 1159.41 953.285 647.565 422.921 305.721
internal_count=7712 4271 3020 3441 2562 1251 879
is_linear=0
shrinkage=0.0126972


Tree=184
num_leaves=8
num_cat=0
split_feature=8 4 32 22 4 17 39
split_gain=49.7516 30.9399 29.2207 29.0965 31.9254 24.828 18.663
threshold=-0.0031219028414998236 0.0019941785097941094 53.889999999999986 70.491365886943001 -0.040782446392381259 -0.015456575165888718 84.311800000000019
decision_type=2 2 2 2 2 2 2
left_child=1 2 -1 5 -5 -2 -3
right_child=3 6 -4 4 -6 -7 -8
leaf_value=0.0042725816332539763 -0.00048733361736207179 -0.0014281545922602812 -0.0044770749835041212 0.018872335159483871 0.001520241495659728 -0.0055800086063746658 0.0041277667398978528
leaf_weight=1107.5534277260303 451.73849102854729 372.30107243359089 63.502320840954781 18.937713205814362 150.9860255420208 237.96995279937983 131.27740080654621
leaf_count=2709 1711 1050 194 57 573 1097 321
internal_value=0.00137991 0.00265595 0.00378719 -0.00109427 0.00357975 -0.00226283 3.66072e-06
internal_weight=2534.27 1674.63 1171.06 859.632 169.924 689.708 503.578
internal_count=7712 4274 2903 3438 630 2808 1371
is_linear=0
shrinkage=0.0126972


Tree=185
num_leaves=8
num_cat=0
split_feature=19 5 8 5 25 17 9
split_gain=48.6038 37.5726 33.2745 31.1187 30.3749 12.9226 9.43601
threshold=0.24588226175250927 0.045514192649908913 0.011193905067619638 0.013208837049813198 -0.86426370256322815 -0.019031891403848814 0.016798755083332399
decision_type=2 2 2 2 2 2 2
left_child=2 4 3 -1 -2 -3 -4
right_child=1 5 6 -5 -6 -7 -8
leaf_value=-0.0050163945686608436 0.00073949497045843328 0.0092757172104997402 -0.012614139683789976 0.0041920819395277753 -0.0032915612094096521 0.0017725481224546821 0.00075418776039725582
leaf_weight=61.131228551268578 692.03796921670437 77.815310910344124 25.665071085095406 1058.5607883185148 528.99918691068888 78.341519936919212 10.443525552749632
leaf_count=218 1991 184 125 2633 2298 213 50
internal_value=0.00136308 -0.000241496 0.0032828 0.0036776 -0.000999459 0.00559966 -0.00852857
internal_weight=2532.99 1377.19 1155.8 1119.69 1221.04 156.157 36.1086
internal_count=7712 4686 3026 2851 4289 397 175
is_linear=0
shrinkage=0.0126972


Tree=186
num_leaves=8
num_cat=0
split_feature=19 5 41 8 42 43 43
split_gain=47.4098 36.6518 37.7062 32.5025 30.6423 16.332 9.38718
threshold=0.24588226175250927 0.045514192649908913 3.6901500000000005 0.011193905067619638 611973.39000000013 102065.31840000002 167660.75775000002
decision_type=2 2 2 2 2 2 2
left_child=3 2 -2 4 -1 -3 -5
right_child=1 5 -4 6 -6 -7 -8
leaf_value=0.0054465425676998042 0.0010356939709185956 0.015477215571441426 -0.0034374640885749996 0 0.0011645592992374971 0.0036938299393235127 -0.013023616469337085
leaf_weight=642.28862461447716 666.42368651181459 22.714100018143654 553.9518114477396 12.286968439817427 476.57627293467522 133.40111346542835 23.684171959757805
leaf_count=1525 2275 45 2014 50 1326 352 125
internal_value=0.00134669 -0.000238228 -0.000987227 0.00324363 0.00363348 0.00553146 -0.00845141
internal_weight=2531.33 1376.49 1220.38 1154.84 1118.86 156.115 35.9711
internal_count=7712 4686 4289 3026 2851 397 175
is_linear=0
shrinkage=0.0126972


Tree=187
num_leaves=8
num_cat=0
split_feature=8 32 11 17 41 39 0
split_gain=46.7443 30.1629 26.2474 24.6905 24.5034 18.1034 4.93192
threshold=-0.0031219028414998236 -20622.844999999998 0.062711812485649179 -0.026146497611053306 1.7946000000000002 23.160500000000003 0.10272092267706302
decision_type=2 2 2 2 2 2 2
left_child=1 5 3 -2 -3 -1 -4
right_child=2 4 6 -5 -6 -7 -8
leaf_value=-0.014968380578091587 0.0002714979230254428 0.0055735326733890398 0.012974303889823919 -0.0041801981518984578 0.0019898952929072729 -0.0011673355598661541 0.0026324969236372719
leaf_weight=20.700732722878456 480.42510793358088 427.07919400930405 22.455634877085686 339.70871788263321 1162.345803335309 61.634027972817421 15.774637922644613
leaf_count=78 1794 1032 48 1557 2993 171 39
internal_value=0.0013304 0.0025685 -0.00106927 -0.001562 0.00296113 -0.00485173 0.00908592
internal_weight=2530.12 1671.76 858.364 820.134 1589.42 82.3348 38.2303
internal_count=7712 4274 3438 3351 4025 249 87
is_linear=0
shrinkage=0.0126972


Tree=188
num_leaves=8
num_cat=0
split_feature=19 5 34 8 5 22 0
split_gain=45.7154 35.687 32.2009 31.5585 30.4271 8.95962 8.27814
threshold=0.24588226175250927 0.045514192649908913 -7437.069999999997 0.011193905067619638 0.012202222786006463 47.62842144731912 -0.023040210722690909
decision_type=2 2 2 2 2 2 2
left_child=3 2 -2 4 -1 -5 -3
right_child=1 6 -4 5 -6 -7 -8
leaf_value=-0.0071175362717951158 -0.0040342360610209791 0.0012717745551397335 0.00040185829955571308 -0.0115259241340424 0.0039741794116523186 0.0032401937867185936 0.0076379771689152141
leaf_weight=40.178708463907242 382.24336490780115 55.500360116362572 837.37394011765718 28.844603270292282 1077.34307064116 6.9563970863819113 100.50310210883617
leaf_count=153 1357 140 2932 145 2698 30 257
internal_value=0.00131418 -0.000242251 -0.00098161 0.00317845 0.00356232 -0.00837208 0.00545286
internal_weight=2528.94 1375.62 1219.62 1153.32 1117.52 35.801 156.003
internal_count=7712 4686 4289 3026 2851 175 397
is_linear=0
shrinkage=0.0126972


Tree=189
num_leaves=8
num_cat=0
split_feature=7 41 42 25 6 8 41
split_gain=51.1573 41.8247 36.5953 35.8531 34.3558 21.5092 16.4506
threshold=-0.081928794621721451 3.8144000000000005 1544556.6982500001 3.5900400965340782 0.036858620103300953 -0.10814762130551607 1.4029500000000004
decision_type=2 2 2 2 2 2 2
left_child=3 2 -2 5 -3 -1 -5
right_child=1 4 -4 6 -6 -7 -8
leaf_value=0.0093209776700928868 0.0021225451329980713 -0.012259486013768094 -0.0096720152882106593 0.0037923525154140519 0 0.002427779991689449 -0.0025391425578603116
leaf_weight=77.277422159910202 241.20482856035233 104.6429894939065 50.753674104809761 79.842552967369556 54.284023709595203 1571.2671406120062 350.86334405094385
leaf_count=188 800 477 239 305 183 4120 1452
internal_value=0.00106298 -0.00280227 2.01873e-05 0.00190666 -0.00802922 0.00276069 -0.00133789
internal_weight=2530.14 450.886 291.959 2079.25 158.927 1648.54 430.706
internal_count=7764 1699 1039 6065 660 4308 1757
is_linear=0
shrinkage=0.0126972


Tree=190
num_leaves=8
num_cat=0
split_feature=7 25 18 32 40 5 0
split_gain=49.9119 34.9656 30.1012 24.8163 22.5301 19.5315 6.38201
threshold=-0.081928794621721451 3.5900400965340782 2.337107350923707 -7623.8199999999988 2.3087500000000003 0.012202222786006463 0.014839547904405894
decision_type=2 2 2 2 2 2 2
left_child=1 5 -3 6 -5 -1 -2
right_child=3 2 -4 4 -6 -7 -8
leaf_value=-0.010359015280205037 -0.014176682134686957 -0.00017643537293051431 -0.011393155692159236 0.0011184503263113339 -0.0048189724928084593 0.0028756592926096401 -0.00016160599295568829
leaf_weight=17.216707184910774 35.289823636412621 388.07920802384615 42.424421966075897 208.26064190268517 198.9212858080864 1630.5435114502907 7.8835456967353812
leaf_count=64 152 1535 222 743 774 4244 30
internal_value=0.00105013 0.00188347 -0.00132122 -0.00277015 -0.00176046 0.00272709 -0.0118901
internal_weight=2528.62 2078.26 430.504 450.355 407.182 1647.76 43.1734
internal_count=7764 6065 1757 1699 1517 4308 182
is_linear=0
shrinkage=0.0126972


Tree=191
num_leaves=8
num_cat=0
split_feature=7 41 42 25 6 42 30
split_gain=48.6887 40.6469 35.6522 34.1053 33.8375 21.4456 16.4196
threshold=-0.081928794621721451 3.8144000000000005 1544556.6982500001 3.5900400965340782 0.036858620103300953 295072.77855000005 264.61500000000007
decision_type=2 2 2 2 2 2 2
left_child=3 2 -2 5 -3 -1 -5
right_child=1 4 -4 6 -6 -7 -8
leaf_value=0.0054894864074885655 0.0021128529005122877 -0.012121554149114233 -0.0095535223521980208 -0.0025415919354935795 5.1250662039259364e-05 0.001925110266804786 0.0036746621475702247
leaf_weight=351.28073160350323 241.25411795079708 104.04529789835215 50.482090659439564 346.6143991202116 54.228647716343403 1295.8835767060518 83.649023689329624
leaf_count=841 800 477 239 1415 183 3467 342
internal_value=0.00103689 -0.00273775 4.22524e-05 0.00186004 -0.00790437 0.00269333 -0.00130573
internal_weight=2527.44 450.01 291.736 2077.43 158.274 1647.16 430.263
internal_count=7764 1699 1039 6065 660 4308 1757
is_linear=0
shrinkage=0.0126972


Tree=192
num_leaves=8
num_cat=0
split_feature=7 5 0 34 18 5 21
split_gain=47.5 33.86 29.3403 23.0026 14.7708 12.8506 12.6094
threshold=-0.081928794621721451 0.014100326973036268 0.020903931604920437 -11878.264999999998 0.7803767030958163 0.022443802649285947 -0.020148547030268815
decision_type=2 2 2 2 2 2 2
left_child=1 6 -3 5 -5 -2 -1
right_child=3 2 -4 4 -6 -7 -8
leaf_value=-0.015759179767603056 -0.014108720232194723 0.002788828704992005 -0.0014832713991312567 0.010057213223288435 -0.0020356915542676314 -0.0019560938248933484 -0.0031940812299196828
leaf_weight=18.563662678003311 40.178955793380737 1706.2594739049673 301.83930239081383 16.153201505541801 368.18090704828501 24.967621073126793 49.956796735525131
leaf_count=76 194 4515 1290 41 1380 84 184
internal_value=0.00102426 0.00183724 0.00214136 -0.00270635 -0.00148457 -0.00967221 -0.00686384
internal_weight=2526.1 2076.62 2008.1 449.481 384.334 65.1466 68.5205
internal_count=7764 6065 5805 1699 1421 278 260
is_linear=0
shrinkage=0.0126972


Tree=193
num_leaves=8
num_cat=0
split_feature=7 41 6 5 18 43 21
split_gain=46.3341 39.7436 33.2233 33.067 28.2849 28.2753 12.3409
threshold=-0.081928794621721451 3.8144000000000005 0.036858620103300953 0.014100326973036268 1.2396224690417812 1385980.9663000002 -0.020148547030268815
decision_type=2 2 2 2 2 2 2
left_child=3 5 -3 6 -5 -2 -1
right_child=1 2 -4 4 -6 -7 -8
leaf_value=-0.015603236699280449 0.0017320422114912883 -0.011993998405025311 8.0237822711034889e-05 0.0035432259311616505 0.00051031121511919421 -0.009472849157654761 -0.0031565801565566205
leaf_weight=18.518088191747665 249.62125993520021 103.4632156714797 54.19964324682951 1058.2252325564623 949.21622783690691 41.782603926956654 49.916632242500782
leaf_count=76 838 477 183 2865 2940 201 184
internal_value=0.00101137 -0.00267494 -0.00779639 0.0018143 0.00211481 7.27772e-05 -0.00678936
internal_weight=2524.94 449.067 157.663 2075.88 2007.44 291.404 68.4347
internal_count=7764 1699 660 6065 5805 1039 260
is_linear=0
shrinkage=0.0126972


Tree=194
num_leaves=8
num_cat=0
split_feature=5 8 31 43 44 33 4
split_gain=43.4032 34.9475 26.1637 25.6222 19.0508 15.3992 5.40635
threshold=0.013208837049813198 0.0047151459008798477 3422.2750000000001 61947.05000000001 0.87660000000000016 -4440.1300000000001 -0.055263484571426928
decision_type=2 2 2 2 2 2 2
left_child=4 2 -2 -3 5 -1 -6
right_child=1 3 -4 -5 6 -7 -8
leaf_value=-0.011226149327913569 0.0025803451625516019 0.015898447409089411 -0.0057556514302650966 -0.0018141861520462393 -0.0039987698066970079 -7.2075112235867264e-05 -0.0154494301308523
leaf_weight=25.272854298353195 1753.1621183007956 12.743329539895056 61.547789737582207 533.12168139219284 12.529249936342238 94.776231303811073 31.001195751130581
leaf_count=122 4554 39 199 2300 43 350 157
internal_value=0.000998656 0.0014408 0.00229003 -0.00136324 -0.00530004 -0.00255325 -0.012493
internal_weight=2524.15 2360.57 1814.71 545.865 163.58 120.049 43.5304
internal_count=7764 7092 4753 2339 672 472 200
is_linear=0
shrinkage=0.0126972


Tree=195
num_leaves=7
num_cat=0
split_feature=8 42 40 43 11 43
split_gain=36.7862 26.7387 24.4775 22.5931 22.4564 21.1839
threshold=0.0047151459008798477 349407.38740000007 2.1649500000000006 61947.05000000001 0.036716495227220099 152494.51930000001
decision_type=2 2 2 2 2 2
left_child=1 5 -3 -2 -5 -1
right_child=3 2 -4 4 -6 -7
leaf_value=0.0013025387322299188 0.013923628677868057 0.0031847823659551053 -0.00037176230215188775 -0.0032045262562715288 0.0040911937754819451 0.0063028690109476889
leaf_weight=248.22651486098766 13.558086737990378 475.6937170624733 892.24796782433987 494.71934429556131 77.130568146705627 321.42135353386402
leaf_count=643 43 1301 2516 2275 238 748
internal_value=0.000986094 0.00183132 0.00085855 -0.00179304 -0.00219917 0.0041458
internal_weight=2523 1937.59 1367.94 585.408 571.85 569.648
internal_count=7764 5208 3817 2556 2513 1391
is_linear=0
shrinkage=0.0126972


Tree=196
num_leaves=8
num_cat=0
split_feature=7 5 0 32 40 40 0
split_gain=44.6289 32.0005 27.6312 23.9405 21.4391 13.6423 6.1947
threshold=-0.081928794621721451 0.014100326973036268 0.020903931604920437 -7623.8199999999988 2.3087500000000003 2.3639500000000004 0.014839547904405894
decision_type=2 2 2 2 2 2 2
left_child=1 5 -3 6 -5 -1 -2
right_child=3 2 -4 4 -6 -7 -8
leaf_value=-0.011156446346683441 -0.013925762969385207 0.0026867863303413854 -0.0014612304518517932 0.0011525975300700517 -0.0046519846713543788 9.5764166998582836e-05 -7.3236250078382456e-05
leaf_weight=41.948259428143501 34.864151179790497 1704.1017212867737 301.45477368682623 207.72393431514502 197.73423339426517 26.339342042803764 7.8490784615278235
leaf_count=171 152 4515 1290 743 774 89 30
internal_value=0.000974136 0.00176229 0.00205797 -0.00264756 -0.00165623 -0.00671043 -0.0116541
internal_weight=2522.02 2073.84 2005.56 448.171 405.458 68.2876 42.7132
internal_count=7764 6065 5805 1699 1517 260 182
is_linear=0
shrinkage=0.0126972


Tree=197
num_leaves=8
num_cat=0
split_feature=5 8 31 43 34 44 44
split_gain=41.8261 32.712 25.337 24.2178 19.4141 18.7919 9.27193
threshold=0.013208837049813198 0.0047151459008798477 3422.2750000000001 61947.05000000001 -6896.1199999999999 0.95185000000000008 0.44995000000000007
decision_type=2 2 2 2 2 2 2
left_child=4 2 -2 -3 6 -6 -1
right_child=1 3 -4 -5 5 -7 -8
leaf_value=-0.004321912719579905 0.0025037585212140771 0.015366749311504188 -0.0057018178435720339 -0.0017613580436388685 0.00024966372404936117 -0.011389288942942801 -0.017412048827490235
leaf_weight=17.465980589389801 1751.4354844391346 12.890321105718611 61.511554330587387 531.97712229937315 91.529193632304668 28.265496142208576 25.843166813254356
leaf_count=77 4554 39 199 2300 333 129 133
internal_value=0.000961932 0.00139595 0.00221777 -0.00131927 -0.00523051 -0.00246028 -0.0125091
internal_weight=2520.92 2357.81 1812.95 544.867 163.104 119.795 43.3091
internal_count=7764 7092 4753 2339 672 462 210
is_linear=0
shrinkage=0.0126972


Tree=198
num_leaves=8
num_cat=0
split_feature=35 7 34 21 41 7 40
split_gain=48.5859 22.97 29.1291 22.8434 21.5256 19.2942 18.1691
threshold=-0.0022288990092327629 -0.066666666666666666 -9742.3599999999988 0.018896292611886894 3.8473500000000005 -0.089201877934272242 2.0249000000000001
decision_type=2 2 2 2 2 2 2
left_child=1 4 -3 5 -1 -2 -5
right_child=3 2 -4 6 -6 -7 -8
leaf_value=0.0037883043734223856 -0.0018255011086945312 -0.01402838735402538 0 0.011086405246511078 0.0008871042419330297 -0.0076655509375529668 0.00010662535588092243
leaf_weight=936.28186928480864 381.84143001586199 28.422244280576706 126.70112663507462 28.915445171296597 756.64810018241405 122.82050143182278 147.17413932830095
leaf_count=2474 1459 137 423 87 2101 579 500
internal_value=0.000996191 0.00206682 -0.00256938 -0.00189459 0.00249847 -0.0032751 0.00200197
internal_weight=2528.8 1848.05 155.123 680.752 1692.93 504.662 176.09
internal_count=7760 5135 560 2625 4575 2038 587
is_linear=0
shrinkage=0.0126972


Tree=199
num_leaves=8
num_cat=0
split_feature=8 3 5 18 14 3 40
split_gain=50.2584 38.967 24.6362 21.7512 15.6485 14.9792 11.7839
threshold=0.0047151459008798477 0.21938070397863099 0.013495938118022218 2.531507977801819 0.042462233915420637 0.0019541579555326653 7.8350500000000016
decision_type=2 2 2 2 2 2 2
left_child=2 4 5 -4 -2 -1 -3
right_child=1 6 3 -5 -6 -7 -8
leaf_value=-0.0061236524995284597 -0.0029141739608142788 0.007954947283920908 0.0027551837427361617 -0.0023693736795759807 -0.010706163374053244 0.0027589296552733554 -0.0038411642522258914
leaf_weight=92.531296759843826 442.21260356903076 67.777164503931999 1677.4196824580431 142.43683980405331 46.871449336409569 43.274629428982735 15.350989148020743
leaf_count=341 2080 182 4334 411 217 146 49
internal_value=0.000983905 -0.00231598 0.00195507 0.00234781 -0.00369518 -0.00321931 0.00564242
internal_weight=2527.87 572.212 1955.66 1819.86 489.084 135.806 83.1282
internal_count=7760 2528 5232 4745 2297 487 231
is_linear=0
shrinkage=0.0126972


Tree=200
num_leaves=8
num_cat=0
split_feature=32 41 12 7 44 26 42
split_gain=47.8269 35.9771 47.4889 32.895 18.2855 17.3239 14.381
threshold=-470.50000000000085 2.0240000000000005 0.034242391633151022 -0.066666666666666666 4.3825500000000011 -234.02000000000007 1888768.3984000003
decision_type=2 2 2 2 2 2 2
left_child=3 6 -3 4 -1 -5 -2
right_child=1 2 -4 5 -6 -7 -8
leaf_value=0.0031323820832915815 0.0035129460317170069 -0.0065925989080947668 0.0025118829448258335 -0.0088334124399806532 -0.00028385153729384863 0 -0.0063132278523704592
leaf_weight=1408.304768204689 191.33607290685177 322.19638103246689 127.04506335407495 60.702032715082169 301.15519942343235 89.622529625892639 26.199355818331242
leaf_count=3769 651 1349 434 252 876 306 123
internal_value=0.000971712 -0.00193678 -0.00399543 0.00202024 0.00252474 -0.0036355 0.00226738
internal_weight=2526.56 666.777 449.241 1859.78 1709.46 150.325 217.535
internal_count=7760 2557 1783 5203 4645 558 774
is_linear=0
shrinkage=0.0126972


end of trees

feature_importances:
close_ma5=236
total_mv=143
atr14=102
vol_lb=94
maxdd_lb=70
ret_3=69
vol_spike=52
ret_30=44
ps_ttm=42
price_pos_lb=39
circ_mv=39
ret_5=36
close_ma10=34
kdj_diff=34
ma5_ma10=33
net_mf_5=28
macd=25
lg_net_20=25
turnover_rate=21
pb=20
vol_ratio_5_lb=18
ret_20=16
net_mf_10=16
ret_10=13
close_ma20=12
vol_trend=12
net_mf_20=12
net_mf_ratio5=12
elg_ratio5=12
boll_pos=11
kdj_d=10
elg_net_5=10
elg_net_10=9
ma10_ma30=8
rsi14=6
kdj_k=6
lg_net_10=6
ma_converge=5
vol_ratio_5_10=4
lg_net_5=4
pe_ttm=4
ma5_ma20=3
elg_net_20=2

parameters:
[boosting: gbdt]
[objective: binary]
[metric: auc]
[tree_learner: serial]
[device_type: cpu]
[data_sample_strategy: bagging]
[data: ]
[valid: ]
[num_iterations: 3000]
[learning_rate: 0.0126972]
[num_leaves: 32]
[num_threads: 22]
[seed: 0]
[deterministic: 0]
[force_col_wise: 0]
[force_row_wise: 0]
[histogram_pool_size: -1]
[max_depth: 3]
[min_data_in_leaf: 36]
[min_sum_hessian_in_leaf: 0.001]
[bagging_fraction: 0.65095]
[pos_bagging_fraction: 1]
[neg_bagging_fraction: 1]
[bagging_freq: 9]
[bagging_seed: 3]
[bagging_by_query: 0]
[feature_fraction: 0.616557]
[feature_fraction_bynode: 1]
[feature_fraction_seed: 2]
[extra_trees: 0]
[extra_seed: 6]
[early_stopping_round: 0]
[early_stopping_min_delta: 0]
[first_metric_only: 0]
[max_delta_step: 0]
[lambda_l1: 0.798134]
[lambda_l2: 0.667124]
[linear_lambda: 0]
[min_gain_to_split: 0]
[drop_rate: 0.1]
[max_drop: 50]
[skip_drop: 0.5]
[xgboost_dart_mode: 0]
[uniform_drop: 0]
[drop_seed: 4]
[top_rate: 0.2]
[other_rate: 0.1]
[min_data_per_group: 100]
[max_cat_threshold: 32]
[cat_l2: 10]
[cat_smooth: 10]
[max_cat_to_onehot: 4]
[top_k: 20]
[monotone_constraints: ]
[monotone_constraints_method: basic]
[monotone_penalty: 0]
[feature_contri: ]
[forcedsplits_filename: ]
[refit_decay_rate: 0.9]
[cegb_tradeoff: 1]
[cegb_penalty_split: 0]
[cegb_penalty_feature_lazy: ]
[cegb_penalty_feature_coupled: ]
[path_smooth: 0]
[interaction_constraints: ]
[verbosity: -1]
[saved_feature_importance_type: 0]
[use_quantized_grad: 0]
[num_grad_quant_bins: 4]
[quant_train_renew_leaf: 0]
[stochastic_rounding: 1]
[linear_tree: 0]
[max_bin: 255]
[max_bin_by_feature: ]
[min_data_in_bin: 3]
[bin_construct_sample_cnt: 200000]
[data_random_seed: 1]
[is_enable_sparse: 1]
[enable_bundle: 1]
[use_missing: 1]
[zero_as_missing: 0]
[feature_pre_filter: 1]
[pre_partition: 0]
[two_round: 0]
[header: 0]
[label_column: ]
[weight_column: ]
[group_column: ]
[ignore_column: ]
[categorical_feature: ]
[forcedbins_filename: ]
[precise_float_parser: 0]
[parser_config_file: ]
[objective_seed: 5]
[num_class: 1]
[is_unbalance: 1]
[scale_pos_weight: 1]
[sigmoid: 1]
[boost_from_average: 1]
[reg_sqrt: 0]
[alpha: 0.9]
[fair_c: 1]
[poisson_max_delta_step: 0.7]
[tweedie_variance_power: 1.5]
[lambdarank_truncation_level: 30]
[lambdarank_norm: 1]
[label_gain: ]
[lambdarank_position_bias_regularization: 0]
[eval_at: ]
[multi_error_top_k: 1]
[auc_mu_weights: ]
[num_machines: 1]
[local_listen_port: 12400]
[time_out: 120]
[machine_list_filename: ]
[machines: ]
[gpu_platform_id: -1]
[gpu_device_id: -1]
[gpu_device_id_list: ]
[gpu_use_dp: 0]
[num_gpu: 1]

end of parameters

pandas_categorical:[]
